花呗,104245
我,43402
借呗,43092
的,41991
了,32966
吗,29570
咋,29454
还,23925
还钱,23561
可以,19970
为啥,18630
用,18125
TIME,17425
额度,15465
是,12325
没,12141
开通,11917
分期,11817
有,8902
不能,8877
能,8264
不,8186
啥,7413
使用,7347
钱,7232
在,6964
支付宝,6283
不了,5795
付款,5341
逾期,5339
支付,5324
#,4911
时间,4834
显示,4531
现在,4405
提前,4310
会,4283
到,4202
银行卡,3829
退款,3705
MONEY,3616
收款,3608
后,3602
申请,3595
自动,3568
关闭,3335
要,3332
几,3285
和,3260
借,3196
咋办,3074
还清,3066
已经,3060
么,3048
都,2902
账单,2736
买,2646
影响,2644
一个,2639
淘宝,2572
账号,2553
想,2550
临时,2529
就,2470
还是,2452
里,2413
上,2387
利息,2313
绑定,2277
信用,2275
这个,2106
余额宝,2053
把,2050
支持,2041
信用卡,2034
手续费,2002
但是,1992
网商贷,1956
取消,1898
给,1888
码,1881
商家,1864
扣款,1821
扣,1812
收钱,1796
恢复,1781
才能,1724
退,1713
东西,1705
完,1696
需要,1682
余额,1668
手机,1665
最低,1657
是不是,1641
何时,1620
也,1595
日,1591
手机号,1586
哪里,1568
账户,1559
还有,1525
消费,1517
冻结,1454
分,1449
只能,1422
我用,1404
金额,1404
不是,1380
之前,1368
里面,1352
提升,1343
不用,1339
借款,1336
到账,1316
一次,1284
换,1283
已,1277
说,1261
款,1253
被,1251
期,1241
另,1218
嘛,1168
再,1167
你,1160
设置,1150
记录,1124
帮,1124
成功,1119
还要,1112
从,1107
才,1087
分期付款,1086
如果,1085
话费,1066
提示,1057
开,1036
以前,1035
提额,1032
无法,1030
回事,1030
付,1011
啥意思,976
又,965
去,956
身份证,953
不到,951
多,917
未,914
不会,906
找,887
收,861
之后,857
看,857
呀,855
日期,853
对,851
积分,844
通过,820
吧,815
让,813
以后,809
充值,808
退回,807
哪,799
那,793
一样,792
一直,773
电费,764
过,749
交,748
购物,741
每月,728
每,723
到期,712
红包,712
借钱,708
号码,701
押金,691
免息,688
条件,682
密码,679
是否,676
但,668
然后,664
只有,661
限额,661
限制,659
跟,658
短信,654
扣钱,653
自己,652
我要,652
可是,650
手机号码,649
就是,647
这,640
别人,639
可,638
改,635
一下,629
没用,628
算,628
二维码,627
降低,625
时,624
查询,623
交易,617
授权,616
一次性,610
商品,597
为,596
知道,596
登录,582
重新,571
刷,571
修改,564
查看,562
更改,561
提醒,553
提现,552
信息,544
删除,538
不够,530
号,527
系统,526
下,519
提,516
为何,510
二个,508
银行,506
功能,506
方式,505
可用,503
不想,500
呗,498
订单,495
验证码,493
与,492
可不可以,485
主动,485
费用,483
直接,480
朋友,480
充,480
提高,476
全部,474
来,470
购买,469
咋算,460
贷款,458
卡,455
当天,452
上面,449
花,443
选择,443
单车,438
那么,436
评估,435
确认,434
最,434
没收,428
更换,426
收货,419
得,418
转,418
却,417
看到,417
兑换,414
脸,413
操作,412
欠款,409
蚂蚁,408
退货,402
好,397
弄,395
最高,389
有钱,388
扣除,388
火车票,388
另外,388
注销,386
扫码,380
中,380
审核,379
刚刚,379
帐号,376
安全,376
美团,376
验证,375
只,375
新,373
忘记,370
晚,369
调整,366
进去,366
风险,364
点,363
继续,363
这么,358
期限,354
失败,354
原因,347
卖家,343
超市,340
欠,340
几期,339
情况,337
问,337
其它,336
额,336
扫,335
请,334
线下,334
绑,333
不行,332
认证,330
开花,329
变成,328
微信,328
存在,328
没到,326
问题,323
刚才,322
负,321
滴滴,320
活动,318
产生,317
符合,317
解除,316
先,314
该,313
放款,312
返现,309
再次,307
一期,307
他,305
收不到,304
一笔,304
不足,303
双十一,303
出来,301
打开,299
还会,295
转到,295
页面,294
个,292
几次,292
的话,291
网商,285
一起,284
服务费,283
透支,282
代付,277
双,275
收到,274
通知,271
当月,271
切换,271
券,268
正常,268
关,267
邀请,266
出现,264
二次,264
啦,262
区别,261
月,259
必须,259
做,259
密付,259
高,258
哪些,258
店铺,257
原来,257
关掉,254
超过,251
津贴,250
电脑,249
抽奖,248
服务,248
客户,245
能否,244
不见,244
缴费,243
领取,242
出账,242
满足,240
本月,240
升级,239
关系,239
按,239
咋查,236
通讯录,236
繁忙,235
不要,235
少,233
商户,233
负面,231
明细,230
那里,230
注册,230
好友,229
开始,229
按时,228
登陆,228
证明,226
推迟,224
口碑,223
何时能,223
人脸识别,222
突然,221
解冻,221
叫,220
收取,220
人,219
别的,217
停用,216
因为,215
扣费,215
延期,214
最后,214
共享,214
计算,213
一,212
收费,212
总额,212
刚,211
买家,210
前,210
帐,210
天猫,209
全额,209
变,209
小心,207
负数,207
尽情,205
信誉,204
出,203
预期,202
低,201
掉,200
学历,199
以,199
一部分,196
应该,196
同时,194
帐单,193
忘,193
第一次,193
开启,192
处理,192
每天,190
将,189
手动,189
后能,188
实体店,188
打车,187
所有,187
能用,186
查,186
办法,186
应,185
度,181
外卖,180
退出,179
更新,179
意思,178
买手机,177
剩下,177
卡里,175
重复,175
上传,174
营业执照,173
转入,173
找到,172
本金,171
衣服,171
降,170
电话,169
剩余,169
实名,169
次,167
一半,167
明明,165
部分,165
打不开,164
这笔,163
想要,162
咋会,162
客服,162
会员,160
流量,160
每次,160
邮箱,160
暂时,159
资料,158
哪个,158
停,158
顾客,158
机票,157
马上,157
它,157
我能,156
信用度,156
总是,156
我查,156
第,155
邮政储蓄,155
一般,155
不可,155
店,154
摩拜,154
是从,154
要求,153
退回来,153
游戏,153
向,153
延迟,153
用于,152
或者,152
境外,151
完善,150
关了,149
关联,148
看不到,147
本人,147
转账,146
永久,146
零时,145
涨,145
入口,143
办,141
进行,141
个人,140
加油,140
总,140
代扣,138
完款,138
车,136
换成,136
成,136
这样,136
体验,135
最长,134
比,134
老,134
改成,134
当前,134
付钱,134
免费,133
生活,131
酒店,131
现金,130
不让,130
运费,130
对方,130
冲,129
六期,128
选项,128
看看,128
固定,128
领,127
回来,127
同一个,127
或,125
一定,125
而且,125
暂,125
利率,125
公积金,124
输入,123
会扣,122
丢,122
权限,122
帐户,121
账,121
不同,120
很,120
花贝,120
等,120
全款,120
按期,119
点击,118
几个,118
后来,118
次数,118
身份,118
不好,117
网上,117
当面,117
卷,116
干,116
用来,115
签约,115
我换,115
打,114
我刚,114
并,113
上次,113
而,113
所以,113
封,112
能分,111
退还,111
回,111
减少,111
够,110
咨询,110
产品,110
上用,109
我们,109
一致,109
优先,109
用户,108
后面,108
没用过,108
三期,108
咋解,108
水电费,107
这边,107
送,106
优惠券,106
最迟,105
消除,105
经常,104
借出来,104
增加,104
迟,104
确定,104
这里,104
小蓝,104
一张,103
费,103
除了,103
拿,103
达到,103
人工,103
没法,102
进入,102
隐藏,102
选,102
发,101
一共,101
有个,101
资格,101
那些,100
地方,100
履约,100
帮忙,100
记得,99
要是,99
预留,99
好久,98
优惠,98
款项,98
哪儿,97
解绑,97
顺序,97
错,97
可能,97
进不去,97
调低,96
办理,96
转移,95
晚上,95
调,94
着,94
首选,94
上去,92
储蓄卡,92
谢谢,92
实际,92
没变,92
商店,92
最近,92
先息,92
交了,92
免,92
怎,91
算不算,91
好处,90
几才,89
退到,89
提交,89
完成,89
租,89
第一期,88
麻烦,88
没钱,87
快,87
单笔,87
最多能,87
免单,86
退票,86
行,86
内,86
我点,86
抽,86
当时,86
缴,86
钱会,86
无,85
延长,85
咋关,85
访问,85
抵扣,84
短期,84
苹果,84
这次,84
差,84
导致,84
老是,83
界面,83
房贷,83
尾款,83
只要,82
填,82
登,82
消失,82
联系,81
好像,80
识别,80
十二,80
填写,80
久,80
再用,80
下降,80
险,79
超出,79
升,79
花唄,79
查不到,79
没扣,78
a,78
解决,77
符合条件,77
撤销,76
住,76
只是,76
回复,76
这么久,76
上限,75
多钱,75
具体,75
周期,75
需,75
我关,75
能够,75
名下,75
小黄,74
中午,74
饿了么,74
贷,74
比如,74
本来,74
人脸,73
app,73
盒子,73
还给,73
微贷,73
付清,73
邮政,73
结果,73
全,72
本,72
礼包,72
码能,71
提到,71
大概,71
变化,71
随时,71
昨晚,70
可否,70
降额,70
大于,70
完后,70
不变,70
及时,70
合并,70
pass,70
门店,69
大额,69
发短信,69
机会,69
币,68
就要,68
添加,68
客人,68
花费,68
日利率,68
有关,68
谁,68
软件,68
满,68
单,67
车票,67
旧,67
服务商,67
解开,66
第二次,66
长,66
不符,66
改为,65
充错,65
每期,65
翻倍,65
找回,65
最大,64
奖励金,64
进,64
缴纳,64
真的,64
立即,64
换款,64
剩,64
店家,64
减,64
有效期,63
其中,63
日能,63
总共,63
大,63
代,63
资金,63
过后,63
允许,62
q,62
还账,62
指,62
同,62
暂停,62
激活,61
银行贷款,61
笔,61
返回,60
加,60
应用,60
有时,60
货,59
长时间,59
b,59
二笔,59
点错,59
期间,58
欠钱,58
最多,58
哈罗,58
订,58
清除,58
端,57
默认,57
电话号码,57
到底,57
等额,57
京东,57
加油站,57
超额,57
目前,57
使,57
不起,57
双十二,57
qq,57
几笔,56
了解,56
摇,56
获得,56
劵,56
同一,56
为什,55
错误,55
中断,55
有些,55
卡上,55
期数,55
进度,55
改变,55
下午,55
欠费,55
走,55
最少,55
最晚,54
规定,54
物品,54
转换,54
起来,54
写,54
成为,54
借贝,54
人家,53
不上,53
首次,53
那天,53
信誉度,53
还收,53
业务,53
下载,53
太,52
后本,52
入账,52
店里,52
投诉,52
咋搞,52
连续,52
超,51
填错,51
他人,51
任何,51
二期,51
更,50
当日,50
麽,50
恢复正常,50
放在,50
问问,50
删掉,50
发红包,50
己,49
我想查,49
购,49
还用,49
之,49
结算,49
回到,49
价格,49
换个,49
宝,49
不良,49
违约,49
宽带,48
消息,48
下次,48
交费,48
用过,48
得到,48
任务,48
违约金,48
货款,48
花钱,48
一件,48
加油卡,48
免密,48
常用,48
暂无,47
抽到,47
月底,47
没退,47
要收,47
综合,47
里边,47
开具,47
试用,47
多个,47
标识,47
啥样,47
标志,47
生成,47
这是,47
同意,46
不成,46
企业,46
发生,45
查查,45
返,45
从来,45
哪里找,45
告诉,45
余利,45
物流,45
出行,45
解封,45
能查,45
公交,44
不涨,44
他们,44
发现,44
没法用,44
状态,44
买房,44
被扣,44
农村,44
闲鱼,43
不管,43
有用,43
她,43
费率,43
至,43
平台,43
变更,43
会退,43
申诉,43
商场,43
话,43
咋样,43
提取,43
以上,42
每个,42
规则,42
占用,42
长期,42
在线,42
拍,42
刚用,42
点开,42
报名,42
循环,42
能换,42
扫描,42
便利店,42
方法,42
看见,42
玩,42
飞机票,42
我付,42
删,42
懂,41
冲突,41
属于,41
用途,41
打电话,41
现实,41
小,41
良好,41
定,41
登不上,41
退钱,41
不算,41
买单,41
哪天,40
名字,40
个人信用,40
不过,40
很多,40
数,40
年龄,40
码是,40
清零,40
多次,40
手机短信,40
拼多多,40
借完,39
公司,39
帮助,39
有过,39
到款,39
用钱,39
返还,39
立减,39
码收,39
发货,39
吃饭,39
电话费,39
笔笔,38
提款,38
年费,38
连,38
买个,38
补充,38
是因为,38
像,38
万分之,38
快速,38
票,38
首页,38
信用社,38
包括,37
地址,37
假如,37
建议,37
不通,37
照片,37
不能取消,37
按天,37
取出,37
只用,36
时会,36
异常,36
咋付,36
几能,36
进不了,36
样,36
经,36
付账,36
解,36
码用,36
解答,36
受限,36
好多,36
能量,36
用密付,36
挂失,36
我开,36
如,36
借贷,36
积分换,36
希望,35
没少,35
期是,35
过来,35
后果,35
借几,35
分享,35
后期,34
开了花,34
未出,34
立马,34
能改,34
网购,34
结账,34
关于,34
些,34
完钱,34
详细,34
改不了,34
过款,34
猫,34
发到,34
那边,34
支出,34
享受,34
反应,34
二,34
三次,33
存,33
商铺,33
优酷,33
转换成,33
阿,33
客户端,33
飞猪,33
宽限期,33
窗口,33
提供,33
左右,33
万,33
合同,33
贝壳,33
体现,33
不得,33
接,33
慢,33
收回,33
时有,33
版,33
早上,33
借唄,32
算是,32
没事,32
清楚,32
待,32
早就,32
时用,32
没减,32
下单,32
支,32
返款,32
找人,32
扣掉,32
共用,32
越,32
充钱,32
不知,32
小额,32
一些,32
实时,32
这期,32
充了,32
饭店,32
水电,32
赠送,32
负面影响,32
权益,32
稍后,31
快递,31
挖,31
付费,31
清,31
图标,31
读取,31
不扣,31
足够,31
手机费,31
由,31
调额,31
链接,31
随,31
本期,31
能收,31
纪录,31
一家,31
额是,31
根据,31
往,31
这些,31
降到,31
问下,31
零钱,31
抢,31
香港,31
借出,30
分有,30
到货,30
钱款,30
组合,30
扫脸,30
按照,30
五,30
后续,30
查找,30
改了,30
搞,30
后要,30
前面,30
查下,30
第一个,30
丢失,30
极速,30
永远,30
当,29
花完,29
设定,29
范围,29
接入,29
提出,29
联系人,29
转给,29
然,29
一项,29
随借,29
延后,29
明白,29
归还,29
此,29
开开,29
关键,29
新开通,29
会变,29
没涨,29
可借,29
到哪去,29
替,29
淘宝网,29
通不过,28
每日,28
超时,28
交错,28
流水,28
周卡,28
账号密码,28
借用,28
扫一扫,28
坏,28
中国,28
一下子,28
清单,28
学校,28
及,28
帮别人,28
登入,28
事,28
发票,28
变少,28
专享,28
水费,28
退订,28
天天,28
现,27
参加,27
上午,27
截止,27
后会,27
对不上,27
钱扣,27
网商货,27
一单,27
超限,27
禁止,27
我己,27
底,27
输,27
过去,27
实体,27
专属,27
有点,27
卡号,27
间,27
出去,27
停止,27
一步,27
咋充,27
奖品,27
放,26
再试,26
推荐,26
提钱,26
普通,26
转过,26
卡能,26
手续,26
分开,26
基金,26
捡,26
审批,26
足迹,26
数额,26
根本,26
身份验证,26
已用,26
下来,26
个人信息,26
贴纸,26
证件,26
造成,26
能交,26
身份证号,26
重开,26
有人,26
合适,26
增长,26
都还没,26
虚拟,26
关注,26
等待,26
电影票,26
转错,25
邦定,25
场景,25
宝贝,25
下调,25
钱包,25
车险,25
原,25
标准,25
预定,25
无缘无故,25
等于,25
新人,25
月初,25
就算,25
电子,25
网贷,25
起,25
被关,25
彻底,25
不能不,25
值,25
国外,25
总金额,25
自助,25
准备,25
偿还,25
接收,25
天,25
预售,25
变为,25
首期,25
并且,25
结束,25
分数,25
集分宝,25
确,25
定金,25
手机卡,25
网页,24
受限制,24
带,24
收益,24
上能,24
日到,24
奖励,24
我想,24
没花,24
没开,24
现有,24
说明,24
沒,24
等级,24
咋分,24
借到,24
通用,24
附近,24
商城,24
疑问,24
失效,24
生效,24
咯,24
ofo,24
钟,24
受,24
就是说,23
能开,23
什,23
退掉,23
主页,23
充电,23
转为,23
货物,23
若,23
计入,23
撤回,23
医院,23
单独,23
给我发,23
变低,23
日会,23
一条,23
以为,23
下面,23
改回来,23
保证金,23
补,22
过年,22
”,22
一会,22
同样,22
打印,22
补全,22
宽限,22
加入,22
感觉,22
上来,22
最好,22
主要,22
计息,22
立刻,22
没换,22
上升,22
也就是说,22
仍,22
改签,22
由于,22
能帮,22
咋调,22
跳,22
延,22
我交,22
调高,22
因,22
保障,22
代付款,22
太低,22
取,22
原先,22
拥有,22
哪领,22
获取,22
停机,22
首付,22
原有,21
完全,21
网络,21
还好,21
有的是,21
保险,21
初中,21
出钱,21
用不起,21
移动,21
买票,21
额外,21
没查,21
店面,21
时能,21
钱数,21
分为,21
入,21
满减,21
外面,21
管理,21
会收,21
咋点,21
行不行,21
脸刷,21
提花,21
存钱,21
第二个,21
一份,21
卖东西,21
零,21
预约,21
减免,21
冻,21
回去,21
历史,21
之内,21
退回去,21
没绑,21
方便,21
摇一摇,21
这种,21
我会,21
撒,20
求,20
三个,20
接受,20
咋领,20
停掉,20
反而,20
咋成,20
坐,20
多长,20
壳,20
终止,20
迟迟,20
升级成,20
收几,20
转不进,20
定期,20
风控,20
流程,20
付过,20
二张,20
用到,20
鬼,20
记账,20
拖,20
钱到,20
会降,20
分几,20
有限,20
不刷,20
所,20
最快,20
满足条件,20
依然,20
钱能,20
去年,20
而是,20
最底,20
一款,20
子,20
qb,20
早,20
上线,20
叠加,20
俩个,19
凌晨,19
人太多,19
暂未,19
以内,19
详情,19
我以,19
啥事,19
哪查,19
比如说,19
发给,19
停止使用,19
改款,19
完能,19
官方,19
接着,19
评分,19
张,19
能付,19
太少,19
商品价格,19
售后,19
上扣,19
开关,19
利益,18
发放,18
再开,18
用超,18
网,18
通,18
这单,18
等到,18
不花,18
给关,18
字,18
能先,18
推广,18
申请人,18
随便,18
于,18
哈,18
吖,18
四,18
能花,18
叫外卖,18
卸载,18
保护,18
注意,18
阿里,18
多会,18
续费,18
快点,18
强制,18
推,18
设,18
指定,18
有何,18
一部,18
春节,18
放到,18
第一,18
为了,18
发送,18
按错,18
逾,18
网站,18
优惠卷,18
负会,18
罚款,18
去向,18
调回来,18
计划,18
受到,18
能充,18
新手机,18
挺,18
退换,18
口,18
它会,17
咋个,17
晚点,17
先扣,17
延长时间,17
还原,17
十元,17
钱要,17
领了,17
分要,17
提几,17
改过来,17
怎能,17
线,17
借过,17
灰色,17
没点,17
超期,17
付过款,17
想用,17
通道,17
我花,17
核对,17
赚,17
已出,17
统一,17
截图,17
凭,17
消,17
方,17
上涨,17
协议,17
太慢,17
非,17
看不见,17
咋变,17
网吧,17
会少,17
三,17
禁用,17
货到付款,17
复利,17
一种,17
钥匙,17
指纹,17
启用,17
变回,16
划算,16
有事吗,16
金,16
提起,16
却是,16
包含,16
觉得,16
pc,16
确实,16
看下,16
码有,16
开放,16
多收,16
准时,16
大约,16
没长,16
爱奇艺,16
卖,16
具备,16
收不收,16
频繁,16
借记卡,16
车牌号,16
森林,16
款后,16
正在,16
却说,16
第一笔,16
改到,16
本息,16
苏宁,16
急用,16
日过,16
曰,16
我充,16
打算,16
节假日,16
作用,16
重庆,16
小贷,16
转钱,15
每笔,15
不开,15
想开,15
金融,15
没发,15
美,15
不再,15
而已,15
开头,15
项目,15
先用,15
急,15
多扣,15
渠道,15
什麼,15
下期,15
农业银行,15
日前,15
感,15
妈妈,15
要钱,15
受权,15
刷新,15
人数,15
出错,15
还息,15
符合要求,15
钱少,15
喜欢,15
往后,15
那种,15
已扣,15
罚息,15
回答,15
超支,15
初始化,15
俩,15
老公,15
第二期,14
项,14
会算,14
适用,14
拉,14
唯品,14
没关系,14
保留,14
付完,14
福利,14
电,14
支付款,14
不升,14
期能,14
首先,14
以下,14
忙,14
当期,14
换掉,14
锁,14
共存,14
石油,14
这钱,14
算了,14
催,14
线上,14
小蜜,14
就让,14
分别,14
平时,14
要用,14
沃尔玛,14
吃,14
密,14
荣耀,14
完毕,14
固话,14
请求,14
早点,14
兑,14
比较,14
能调,14
差不多,14
捆绑,14
尝试,14
乱,14
同事,14
多用,14
淘气,14
见,14
限时,14
偷,14
嗎,14
黄金会员,14
w,14
适合,14
搞错,14
日子,14
制作,14
王者,14
哪去,13
奖,13
肯德基,13
付给,13
家人,13
最短,13
上调,13
多出,13
我家,13
用处,13
抵消,13
扣取,13
版本,13
咋升,13
呐,13
不提,13
哪些地方,13
之类,13
发工资,13
按钮,13
家装,13
减掉,13
多余,13
图片,13
开能,13
负几,13
点到,13
协商,13
手术费,13
一栏,13
还算,13
原本,13
农行,13
宾馆,13
妈,13
后退,13
慢慢,13
日息,13
开店,13
分才,13
隔,13
抵,13
严重,13
反,13
咋整,13
要付,13
预支,13
则,13
马,13
带有,13
黑名单,13
途径,13
列表,13
存入,13
没出,13
己经,13
大学,13
实名制,13
仍然,13
保证,13
自行,13
彩票,13
空号,13
累计,13
阿里巴巴,13
降下来,13
喔,13
查到,13
农商,13
煤,13
挖宝,13
秒,13
工商银行,13
蚂,13
且,13
订购,13
冲错,13
换回,13
听,13
港澳,12
合作,12
安装,12
之间,12
加上,12
燃气,12
变动,12
收获,12
即时,12
延时,12
愈期,12
脸部,12
程序,12
别,12
认不出,12
双倍,12
既然,12
不定期,12
最小,12
试,12
初始,12
关不了,12
转接,12
裤子,12
结冻,12
强行,12
退去,12
顺风,12
换到,12
俞期,12
从没,12
越来越,12
贵,12
讲,12
下会,12
减去,12
方面,12
帮定,12
调到,12
审请,12
里头,12
微信里,12
不长,12
错过,12
转成,12
存到,12
多大,12
看不懂,12
忽略,12
点券,12
哪能,12
去掉,12
听说,12
不良影响,12
多期,12
提了,12
那钱,12
已退,12
要换,12
很少,12
相关,12
待处理,12
咋设,12
租车,12
主,12
自然,12
遇到,12
近期,12
自主,12
天数,12
太高,12
嘞,12
短,12
一段时间,12
进账,12
就行了,12
余款,11
暖气费,11
毛,11
再有,11
毕业,11
完会,11
三笔,11
咱们,11
一比,11
年,11
嚒,11
会长,11
过不去,11
％,11
淘,11
对应,11
刚借,11
网店,11
九期,11
密度,11
长期借款,11
开起,11
校验码,11
无故,11
销户,11
单子,11
贷款额度,11
明细账,11
接到,11
收银台,11
工商,11
上边,11
绑卡,11
能晚,11
提早,11
今晚,11
变多,11
其实,11
按日,11
买车,11
性能,11
这件,11
钱用,11
好久没,11
骑,11
负额,11
分宝,11
前段时间,11
经过,11
还行,11
qqcom,11
没见,11
地,11
拖欠,11
息,11
儿,11
对于,11
写错,11
预付款,11
状况,11
反正,11
建行,11
第二笔,11
车辆,11
照,11
份,11
校验,11
已有,11
杂,11
介绍,11
订单号,11
咋花,11
期后,11
身边,11
我怕,11
膜拜,11
管,11
同步,11
急需,11
多笔,10
性质,10
划走,10
完有,10
转出,10
样子,10
影不,10
食品,10
抵用,10
海外,10
试试,10
事情,10
账款,10
时说,10
推后,10
忽然,10
开不开,10
很久没,10
没多,10
多付,10
免息期,10
缩短,10
重,10
我来,10
倒,10
没充,10
小店,10
钱领,10
输错,10
达,10
关上,10
不进,10
y,10
负有,10
是否是,10
乘车,10
刷卡,10
pos,10
借来,10
几种,10
没过,10
还开,10
网址,10
清空,10
催款,10
不明,10
自,10
购房,10
其余,10
能升,10
能刷,10
难道,10
没付,10
理财,10
正确,10
上款,10
当初,10
百分之,10
工资,10
码要,10
店主,10
低于,10
付能,10
前提,10
相同,10
行为,10
款会,10
封号,10
怎麼,10
有效,10
小号,10
基本,10
能领,10
莫名其妙,10
额会,10
违规,10
空白,10
有事,10
预订,10
限定,10
高于,10
新手,10
冲值,10
蚁,10
安安,10
下款,10
去除,10
临额,10
银,10
那样,10
解约,10
相当于,10
占,10
没返,10
我选,10
一到,10
中途,10
至少,10
另个,10
回事儿,10
包,10
消费者,10
缺,10
买点,10
这比,10
借点,10
纸质,10
留,10
到期日,10
控制,10
日为,9
签收,9
转帐,9
鞋子,9
会封,9
抵用券,9
家,9
张卡,9
弄错,9
开不起,9
首款,9
出租车,9
ma,9
我分,9
成负,9
手,9
不好意思,9
接触,9
百分之几,9
说错,9
外部,9
笔款,9
开发票,9
刚开,9
承担,9
到达,9
我领,9
钱转,9
有无,9
核实,9
作为,9
降息,9
携程,9
点成,9
违期,9
借给,9
快捷,9
中间,9
周二,9
记,9
出帐,9
名,9
我刷,9
邦,9
出不来,9
数据,9
混合,9
限,9
钱退,9
步骤,9
中扣,9
更好,9
价钱,9
申,9
入住,9
正,9
检测,9
搞不懂,9
点卷,9
无限,9
金服,9
追回,9
升高,9
单价,9
锁定,9
解锁,9
他会,9
负值,9
官网,9
时期,9
补办,9
建设银行,9
咋取,9
餐厅,9
理解,9
使用权,9
某,9
需不需要,9
赶紧,9
返到,9
一看,9
一台,9
余期,9
居然,9
工作,9
分是,9
付几,9
机构,9
再也,9
坏处,9
车费,9
不出,9
证书,9
那笔,9
这项,9
转进,9
图,9
跨店,9
没领,9
已到,9
先付,9
以及,9
额额,9
饲料,9
数字,9
位置,9
帮人,9
万五,9
名额,9
定时,9
怕,9
退还给,9
出具,9
说用,9
对账,9
数目,9
好用,8
光,8
视频,8
改过,8
变短,8
右上角,8
决定,8
能行,8
我晚,8
海域,8
变负,8
还够,8
周末,8
相应,8
想换,8
用花,8
真,8
喊,8
我先,8
重置,8
见到,8
钟有,8
可分,8
没能,8
能干,8
拒绝,8
助学,8
机,8
教,8
马蚁,8
单日,8
限度,8
扣扣,8
代表,8
面对面,8
十,8
凭证,8
移到,8
很久,8
弹出,8
钱充,8
没买,8
用卡,8
旅行,8
看出,8
那用,8
大润发,8
结,8
个体,8
中国银行,8
不退,8
会受,8
后台,8
累积,8
自行车,8
联通,8
交电,8
余,8
骗人,8
交钱,8
充足,8
路,8
此单,8
点餐,8
有用吗,8
拿来,8
减钱,8
存款,8
率,8
取现,8
还降,8
太多,8
短时间,8
记入,8
详单,8
口令,8
油卡,8
永久性,8
借是,8
给钱,8
抽中,8
过程,8
区分,8
能免,8
调节,8
换卡,8
打到,8
哪家,8
限期,8
网易,8
过多,8
微商,8
年利率,8
即使,8
用集,8
账期,8
appstore,8
比例,8
还发,8
评定,8
启动,8
有线电视,8
能长,8
理赔,8
永和,8
一扫,8
真实,8
易购,8
尽快,8
拿到,8
扣过,8
期买,8
完嘛,8
垫付,8
岁,8
好不好,8
感谢,8
宝能,8
变小,8
个人资料,8
不来,8
还贷,8
用不上,8
就行,8
拍照,8
危险,8
一不小心,8
收入,8
最新,8
骗子,8
卡通,8
核身,8
小米,8
股票,8
l,8
要花,7
车贷,7
日未,7
通行证,7
网商袋,7
购物券,7
二维,7
有款,7
钻石,7
个人用户,7
付出,7
会到,7
保持,7
出款,7
换钱,7
购物车,7
已换,7
借期,7
没花贝,7
主体,7
其,7
不动,7
新开,7
键,7
抽取,7
几回,7
為,7
招联,7
二种,7
除,7
加载,7
日晚,7
几有,7
改回,7
无意,7
越来越少,7
几岁,7
冻结资金,7
含,7
分几能,7
内容,7
住房,7
农业,7
寄,7
危害,7
开户,7
这张,7
出票,7
早已,7
标示,7
点钱,7
网上银行,7
外,7
高中,7
提额会,7
二份,7
改不,7
处于,7
实,7
麦当劳,7
变高,7
弹,7
优势,7
又关,7
開通,7
发过来,7
抠,7
传,7
搜索,7
下线,7
分比,7
模式,7
存进,7
预付,7
来说,7
内有,7
按揭,7
钱付,7
每周,7
几是,7
调回,7
转回,7
共,7
但用,7
集,7
全民,7
天猫券,7
受到限制,7
把款,7
一体,7
要交,7
卡扣,7
续期,7
发来,7
失信,7
盖章,7
从未,7
名称,7
服,7
日有,7
我办,7
商用,7
重启,7
周转,7
推到,7
个人账户,7
会计,7
下去,7
联系方式,7
财富,7
不敢,7
套,7
注消,7
这样的话,7
刮,7
id,7
上期,7
m,7
时间段,7
折扣,7
特权,7
礼,7
能代,7
部手机,7
动,7
银行信用,7
滴,7
第三方,7
码开,7
题额,7
记不住,7
反现,7
发款,7
路径,7
以外,7
蘑菇,7
网银,7
分能,7
误点,7
咋定,7
啤,7
展开,7
依旧,7
完期,7
工作日,7
大王,7
收多,7
充到,7
商业,7
越期,7
o,7
店用,7
特殊,7
钱够,7
年底,7
授信额度,7
买过,7
安全隐患,7
总有,7
经营,7
算入,7
能办,7
ktv,7
没升,7
能负,7
件,7
原路,7
货运费,7
用款,7
预,7
菜单,7
良,7
咱,7
紧急,7
延缓,7
家电,7
多高,7
不少,7
封顶,7
末,7
快车,7
钱己,7
手表,7
文件,7
条,7
各,7
莫名,7
发起,7
热线,7
解释,7
喃,7
找人代,6
码里,6
借不出,6
后算,6
不然,6
以经,6
双十,6
休闲,6
后会算,6
条码,6
全是,6
来用,6
三张,6
首,6
时侯,6
选用,6
明显,6
报错,6
乘,6
能定,6
满意,6
额为,6
字样,6
e,6
任意,6
百元,6
药店,6
制定,6
国庆,6
已付,6
越低,6
装修,6
还会收,6
商贷,6
咋免,6
缓,6
等等,6
遇期,6
资质,6
移,6
改么,6
订机票,6
還款,6
平常,6
转化,6
中有,6
我发,6
化,6
小额贷款,6
满几,6
较,6
也关,6
周,6
余下,6
．,6
微码,6
鞋,6
强开,6
时要,6
分会,6
万分之三,6
钱以,6
逾期费,6
上网,6
加大,6
提错,6
负款,6
要出,6
i,6
华为,6
交通银行,6
教程,6
购票,6
订餐,6
投资,6
我店,6
会涨,6
形成,6
高铁,6
抵押,6
调成,6
点亮,6
险退,6
险是,6
被删,6
还期,6
无论,6
撤,6
好慢,6
账上,6
滞纳金,6
成分,6
可不,6
货到,6
最早,6
开下,6
会上,6
姐姐,6
互相,6
大学生,6
无息,6
扫不出,6
招商银行,6
蚂蚱,6
转变,6
摇到,6
建设,6
想想,6
分够,6
难,6
发出,6
清晰,6
涨涨,6
本次,6
本身,6
灰复,6
身份证件,6
刚换,6
关停,6
不减,6
进来,6
我订,6
反复,6
中心,6
即将,6
供,6
有误,6
自定义,6
互斥,6
制度,6
收起,6
划,6
从来不,6
分几才,6
封掉,6
神秘,6
计费,6
能力,6
伸请,6
未到,6
总价,6
租机,6
买断,6
压,6
发还,6
没得,6
设计,6
告知,6
回收,6
东东,6
日后,6
刚好,6
行用,6
人有,6
冻解,6
没车,6
巳,6
登记,6
每年,6
常,6
想买个,6
如期,6
减低,6
老婆,6
种,6
月息,6
几款,6
开过,6
初,6
com,6
这家,6
提过,6
汽车票,6
遗期,6
几可,6
关啦,6
能扣,6
退进,6
新号,6
期到,6
会多,6
初次,6
很大,6
能能,6
我差,6
款要,6
只想,6
拖延,6
享用,6
要紧,6
vivo,6
s,6
用能,6
元,6
哪笔,6
公交车,6
要输,6
没分,6
几没,6
途期,6
未能,6
维护,6
再扣,6
强,6
判断,6
能涨,6
连接,6
差别,6
成年,6
函,6
我想解,6
撤消,6
咋长,5
权利,5
后次,5
压金,5
登上,5
折,5
续借,5
最高额,5
起步,5
高点,5
借多,5
重试,5
划扣,5
货退,5
国内,5
收账,5
需付,5
升到,5
石化,5
院校,5
副,5
为准,5
备用,5
私人,5
中石化,5
卡券,5
类型,5
便宜,5
安,5
提深,5
人能,5
能变,5
付定金,5
能解,5
商网,5
逾越,5
一遍,5
iphone,5
位,5
开同,5
会减,5
钱放,5
货后,5
期嘛,5
集成,5
还换,5
几嘛,5
店能,5
时扣,5
不欠,5
商量,5
少钱,5
材料,5
跑,5
alin,5
几起,5
赔付,5
蚂蚊,5
差价,5
电视,5
不借,5
咋少,5
着急,5
还会算,5
消费额,5
姓名,5
换过来,5
充上,5
算钱,5
能转,5
透资,5
邀,5
饿,5
电信,5
系统维护,5
月末,5
没进,5
开个,5
团团,5
款款,5
没钱会,5
粉,5
我全,5
坑人,5
款退,5
哪充,5
首单,5
邮寄,5
以用,5
求求,5
没加,5
不如,5
用光,5
球,5
后款,5
居民,5
只分,5
中是,5
会关,5
过会,5
好好,5
扣不扣,5
够用,5
有利于,5
岀,5
日用,5
差点,5
订票,5
再刷,5
此次,5
前要,5
手游,5
完整,5
到位,5
笔钱,5
不发,5
套餐,5
网费,5
没用到,5
喻期,5
今后,5
毛钱,5
那退,5
信任度,5
分清,5
我卡上,5
洗衣机,5
没邦,5
咋玩,5
美食,5
就关,5
九,5
越高,5
减了,5
点卡,5
中奖,5
想查,5
火车站,5
莪,5
好多钱,5
小商店,5
一人,5
日率,5
今,5
专用,5
相符,5
订房,5
我进,5
八,5
有来,5
火车,5
没月,5
调升,5
提生,5
更高,5
先前,5
欺,5
未付,5
点不开,5
住宿,5
花到,5
换购,5
转赠,5
背,5
哪张,5
期几,5
分值,5
可靠,5
优惠活动,5
街,5
农信,5
正规,5
大礼包,5
能关,5
效验,5
分到,5
分月,5
付付,5
付错,5
没填,5
锁住,5
我现,5
钱存,5
超值,5
出国,5
不收,5
返佣,5
找不着,5
用付,5
归零,5
降成,5
額度,5
那会,5
定制,5
充话,5
单期,5
无线,5
改下,5
汇率,5
计,5
日利,5
补上,5
小于,5
负债,5
这会,5
发用,5
员工,5
商业银行,5
己用,5
以往,5
华润,5
会用,5
调错,5
重新启动,5
单次,5
合理,5
改用,5
借口,5
没额,5
下个,5
分批,5
我解,5
还涨,5
特惠,5
那到,5
租用,5
单月,5
这款,5
被盗,5
周六,5
户口,5
不能不要,5
第三次,5
没上,5
家里,5
庄园,5
了然,5
头像,5
查明,5
细,5
调回去,5
淘票票,5
还债,5
几了,5
要查,5
代金券,5
日算,5
没送,5
咋发,5
接口,5
哇,5
金钱,5
150,5
算错,5
电信宽带,5
宜家,5
分成,5
户名,5
满额,5
微,5
表,5
无效,5
花掉,5
开来,5
领到,5
骗,5
咋代,5
赠,5
自由,5
约,5
没借,5
迟点,5
页,5
即可,5
还少,5
准入条件,5
怀疑,5
万一,5
码蚁,5
帐号密码,5
再能,5
段时间,5
现金额,5
收支,5
速度,5
大型超市,4
质量,4
下才,4
上交,4
大众,4
一查,4
增,4
用法,4
一双,4
手工,4
码子,4
法人,4
时前,4
该成,4
钟会,4
有变,4
前有,4
梦,4
人用,4
为止,4
这用,4
中止,4
央行,4
百货,4
搜,4
依据,4
单个,4
永,4
月数,4
做不了,4
不能自己,4
负责,4
手里,4
完事,4
交纳,4
取得,4
万四,4
圣诞,4
分涨,4
用不完,4
守护,4
公用,4
用用,4
放假,4
永不,4
再分,4
尼,4
用花唄,4
要点,4
付宝,4
讨厌,4
加急,4
封闭,4
解释一下,4
换取,4
隔天,4
笔会,4
沒有,4
语音,4
问用,4
能带,4
iphonex,4
例如,4
丫,4
前用,4
现额,4
的确,4
采用,4
关闲,4
来源,4
没先,4
交上,4
借次,4
要关,4
怎办,4
来到,4
考拉,4
店员,4
多上,4
越来越低,4
开用,4
退单,4
收年费,4
摄像头,4
日本,4
额有,4
我换个,4
坏款,4
用要,4
类,4
主号,4
信贷,4
没要,4
付数,4
申請,4
好几个,4
几呀,4
腾讯,4
伸,4
交固话,4
商标,4
签,4
美宜佳,4
期想,4
想着,4
啥子,4
分高,4
订金,4
珠宝,4
至今,4
才行,4
款额,4
近,4
期有,4
没帮,4
们,4
花坝,4
想到,4
改期,4
评价,4
帮帮我,4
坑,4
汽车,4
年前,4
心悦,4
扫错,4
能贷,4
紧张,4
改版,4
零食,4
全都,4
还现,4
里边儿,4
咧,4
我款,4
降为,4
相互,4
微粒,4
实在,4
韩国,4
收款单,4
分过,4
用户名,4
新年,4
会负,4
上付,4
白屏,4
差钱,4
掏,4
提申,4
安逸,4
月利率,4
空调,4
会发,4
授信,4
分降,4
能降,4
下用,4
没邦定,4
最终,4
形式,4
现已,4
总说,4
可信,4
政策,4
抽奖券,4
用久,4
运,4
赢,4
t,4
容易,4
催收,4
代理,4
堤,4
不去,4
结款,4
五个,4
还点,4
端口,4
付掉,4
借代,4
没有,4
我应,4
咋接,4
消掉,4
河南,4
款有,4
个人消费,4
场所,4
面,4
对外,4
我本,4
完想,4
负时,4
法定,4
选错,4
竟然,4
上会,4
退费,4
好几,4
增大,4
负分,4
改掉,4
代缴,4
曾经,4
hellobike,4
当中,4
乱扣,4
活跃,4
现用,4
头,4
双份,4
新办,4
原价,4
查账,4
少于,4
高低,4
出差,4
那款,4
看过,4
丟了,4
资产,4
老板,4
预借,4
码才,4
扣分,4
信,4
客,4
法,4
始终,4
界定,4
击,4
替换,4
带息,4
耽误,4
收银,4
不帮,4
现象,4
对不起,4
多要,4
换换,4
说会,4
能过,4
亚马逊,4
顶,4
离,4
老子,4
扣出,4
哪用,4
怎用,4
全国,4
账户就,4
补齐,4
吹,4
油站,4
最初,4
美图,4
单位,4
相信,4
一开,4
买错,4
或是,4
相差,4
历史记录,4
工行,4
足额,4
环,4
有开,4
上要,4
参与,4
单品,4
哪点,4
佣金,4
不清,4
万家,4
集分,4
还本,4
没年费,4
喽,4
共同,4
转让,4
为期,4
算上去,4
h,4
再付,4
合计,4
老说,4
换清,4
好奇,4
清算,4
买不到,4
十一,4
如果说,4
采集,4
有额,4
小红书,4
打钱,4
他付,4
惩罚,4
安卓,4
爱,4
新增,4
支护,4
退定,4
值钱,4
我确,4
司法,4
租赁,4
制服,4
管理费,4
oppo,4
可提,4
登不进,4
不得了,4
司机,4
扣点,4
损失,4
利息率,4
总和,4
一键,4
第二,4
扫微信,4
额要,4
提神,4
咋加,4
该款,4
关机,4
打款,4
充值卡,4
境内,4
改换,4
只收,4
完才,4
口子,4
期免,4
甚至,4
期改,4
码后,4
部,4
没动,4
归,4
绿,4
复,4
怪,4
用刷,4
钱花,4
还进,4
什不,4
那有,4
定单,4
清帐,4
开痛,4
额数,4
会开,4
猪,4
交话,4
先换,4
我收,4
明确,4
免掉,4
资金不足,4
铂金,4
唤起,4
界面显示,4
追回来,4
白条,4
底下,4
j,4
升额,4
车用,4
按计划,4
我卡,4
能点,4
稍微,4
行业,4
哪来,4
台,4
佘额,4
人员,4
一进,4
刚买,4
新换,4
收码,4
协作,4
例子,4
十万,4
车牌,4
煤气费,4
没提,4
对话,4
有利,4
除消,4
太小,4
度会,4
花销,4
交款,4
不张,4
担心,4
整么,4
那能,4
白天,4
点下,4
甘肃,4
正式,4
啥样子,4
呵呵,4
钱分,4
最高分,4
吃火锅,4
⊙,4
维码,4
六,4
测评,4
不满,4
晶杰,4
之家,4
虽然,4
意义,4
活跃度,4
购物款,4
太久,4
款能,4
多多,4
能加,4
我试,4
航空公司,4
攻略,4
电器,4
借条,4
地区,3
高利贷,3
货品,3
并未,3
我冲,3
稳定,3
奥,3
条款,3
没变少,3
孩子,3
能消,3
电话卡,3
边,3
这么回事,3
估评,3
没调,3
里花,3
随意,3
咋子,3
查收,3
好些,3
反到,3
哪扣,3
大不大,3
集盒,3
意,3
娱乐,3
相互影响,3
非要,3
率利,3
登陆密码,3
港澳台,3
没意思,3
自功,3
系统升级,3
查出,3
信心,3
开到,3
金币,3
绿色,3
取票,3
信用等级,3
放钱,3
卡卷,3
六毛,3
工作人员,3
鸡饲料,3
推辞,3
无语,3
勾选,3
前往,3
挂,3
出个,3
很快,3
麻,3
申核,3
时才,3
折券,3
钱会少,3
没期,3
现金支付,3
可付,3
陪,3
秘密,3
腿,3
逛,3
乐,3
不选,3
扔,3
花是,3
一阵,3
款数,3
通信,3
网银卡,3
我邦定,3
我住,3
掉下来,3
技术,3
提请,3
车能,3
货没到,3
半,3
图案,3
全天,3
用微,3
信里,3
清款,3
开免,3
不记,3
广西,3
137,3
财单,3
新闻,3
已清,3
几样,3
用错,3
日钱,3
租金,3
叫车,3
刮奖,3
场合,3
时扫,3
率息,3
不止,3
创建,3
各种,3
期为,3
抢购,3
包裹,3
付帐,3
利后,3
无需,3
没货,3
等息,3
无权,3
查不出,3
来自,3
关连,3
购是,3
没欠,3
发个,3
填好,3
永辉,3
所欠,3
小孩,3
借嘛,3
反悔,3
约定,3
没张,3
用度,3
之外,3
拒收,3
v,3
下能,3
分次,3
总数,3
没找,3
不足以,3
极好,3
认不出来,3
高速,3
夜里,3
我该,3
换张,3
自降,3
级,3
为社,3
调动,3
不太,3
双方,3
你查,3
人来,3
借会,3
转转,3
上海银行,3
代替,3
便用,3
我想领,3
读,3
不良信息,3
跳过,3
还通,3
看通,3
r,3
钻,3
退不退,3
赚钱,3
大号,3
咋贷,3
改嘛,3
扫不起,3
不对劲,3
夜间,3
銀行,3
周年,3
不解,3
住院,3
货好,3
物料,3
期限内,3
一批,3
减额,3
没带,3
什没,3
每单,3
倍,3
我货,3
太长,3
快用,3
拒签,3
来得及,3
困难,3
白板,3
堤前,3
中国农业银行,3
摩托,3
可买,3
郁闷,3
借支,3
毛病,3
面部,3
咋计,3
气,3
省钱,3
不买,3
调降,3
几咋查,3
里会,3
家乐福,3
回升,3
替换成,3
根,3
发送到,3
放心,3
人气,3
弊端,3
ok,3
星,3
换会,3
体额,3
弄掉,3
放入,3
实付,3
会要,3
顺丰,3
不是故意,3
错款,3
只扣,3
肯定,3
请教,3
空,3
清后,3
齐全,3
来看,3
面页,3
罚单,3
x,3
卡付,3
制动,3
人脉关系,3
找个,3
充进,3
要不了,3
先给,3
减小,3
凑,3
接下来,3
开会,3
外地,3
说话,3
扣减,3
没说,3
红,3
画面,3
医疗,3
几家,3
十块钱,3
转送,3
黑,3
多于,3
你关,3
买房子,3
逼,3
各项,3
交完,3
干吗,3
p,3
裙子,3
提下,3
懂吗,3
设备,3
快些,3
最多收,3
用回,3
全付,3
没回,3
这条,3
后过,3
什用,3
不输,3
我花唄,3
最先,3
中学,3
有能,3
发呗,3
处消,3
改完,3
卡是,3
电脑操作,3
本能,3
哩,3
再说,3
房间,3
社保卡,3
增多,3
成交,3
人民,3
修好,3
欠账,3
缴交,3
勒,3
保存,3
哪几种,3
还花贝,3
享有,3
这一,3
计算器,3
锤子,3
开房,3
确是,3
开嘛,3
借账,3
旗舰店,3
价值,3
当然,3
小卖部,3
或者说,3
连本,3
单利,3
能缴,3
烦人,3
当是,3
!,3
铲子,3
就付,3
礼品,3
粮票,3
次款,3
亏,3
不良后果,3
周日,3
知,3
签证,3
没章,3
级别,3
查用,3
对换,3
分配,3
工具,3
耶,3
一用,3
大件,3
四次,3
广东,3
新出,3
我迟,3
再也不能,3
额能,3
学,3
何为,3
改动,3
帮帮忙,3
在家,3
合算,3
机号码,3
咋会用,3
时时,3
开借,3
代款,3
款算,3
借不钱,3
身上,3
咋重,3
跳出,3
付额,3
邮局,3
移除,3
笔记本,3
借借,3
仅,3
涵,3
令,3
能发,3
福,3
因素,3
打过,3
起始,3
同学,3
分嘛,3
交易额,3
再来,3
期分,3
花超,3
下不来,3
降价,3
电动车,3
一毛钱,3
展示,3
险额,3
加分,3
贷是,3
不差,3
截屏,3
明星,3
连在一起,3
随机,3
升值,3
误,3
提成,3
点解,3
是非,3
失望,3
改绑,3
涮,3
借过款,3
出门,3
浦发,3
续,3
切,3
二家,3
贷有,3
泰国,3
没拿到,3
总在,3
多才,3
卡住,3
比比,3
间隔,3
银联卡,3
覆约,3
z,3
咋消,3
不需,3
已过,3
评判,3
分不涨,3
险用,3
游戏币,3
七,3
车上,3
意外,3
讲讲,3
推送,3
降回,3
健康,3
举报,3
没来,3
一边,3
温暖,3
借下,3
儿子,3
恶意,3
点样,3
×,3
开发,3
不支,3
险有,3
跳转,3
前些天,3
银行借款,3
几未,3
认识,3
运输,3
卡后,3
几条,3
乐租,3
能迟,3
考核,3
元月,3
兑现,3
时先,3
买动,3
n,3
转变成,3
旅馆,3
最低标准,3
何,3
乱收,3
出入,3
抽天,3
冯,3
免期,3
消耗,3
公章,3
冲抵,3
用会,3
可更改,3
能延,3
退会,3
押,3
结呗,3
情,3
我话,3
退过来,3
呵,3
计算机,3
增额,3
人口,3
本地,3
用花贝,3
邀约,3
奇怪,3
复数,3
帐期,3
没消,3
取销,3
实际上,3
便,3
团购,3
商,3
没先息,3
美女,3
保,3
放进,3
没看,3
没选,3
动用,3
后边,3
冷冻,3
时到,3
营业,3
大部分,3
没人,3
有免,3
付现金,3
划款,3
好少,3
怎嘛,3
开着,3
香烟,3
寄给,3
能取,3
159,3
只到,3
只限,3
核,3
oo,3
几久,3
原始,3
商行,3
款己,3
疑义,3
破,3
贴,3
券用,3
习惯,3
扣多,3
想解,3
特么,3
中百,3
武汉,3
附,3
算进去,3
护照,3
码上,3
不下,3
举个,3
能出,3
涨分,3
我想分,3
分析,3
交付,3
解除限制,3
可惜,3
别个,3
哪种,3
款用,3
所用,3
前会,3
码扫,3
越用,3
评,3
黑户,3
进店,3
否,3
拿不出,3
能设,3
碼,3
烦死,3
没入,3
买用,3
拓展,3
失去,3
叫做,3
扣年费,3
再接,3
冻洁,3
属,3
休改,3
弹出来,3
一部分一部分,3
首付款,3
交通,3
返利,3
按天算,3
双重,3
那件,3
足,3
摇奖,3
刷单,3
临,3
缩小,3
自已,3
套出来,3
相连,3
上算,3
没清,3
貌似,3
友付,3
看病,3
哪有,3
水果,3
无法访问,3
这一单,3
刚交,3
作,3
一买,3
机器,3
调小,3
以来,3
实物,3
通讯,3
上海,3
玩游戏,3
扣会,3
好长时间,3
究竟,3
尾号,3
事先,3
反馈,3
变换,3
首开,3
多换,3
长点,3
我巳经,3
降级,3
卡换,3
操,3
朋友圈,3
管家,3
赚取,3
公众,3
你家,3
用想,3
网贷会,3
银行账号,3
来算,3
收收,3
压力,3
好了吗,3
收线,3
看清,3
还齐,3
清理,3
预计,3
方案,3
缺钱,3
分解,3
变网,3
千分之,3
能冲,3
重先,2
点进,2
旗下,2
没刷,2
商超,2
五折,2
分掉,2
餐,2
我妈,2
形象,2
识脸,2
实惠,2
中银,2
远款,2
人民币,2
好会,2
搭车,2
没免,2
不聊,2
用些,2
电子版,2
那要,2
考虑,2
底线,2
咋会成,2
嫩,2
说完,2
鸭,2
花期,2
体,2
激,2
送人,2
凊,2
吹款,2
点事,2
离店,2
不加,2
即,2
弄个,2
付款日,2
可扫码,2
现钱,2
多交,2
故障,2
查是,2
千元,2
咋册,2
买菜,2
可转,2
用密,2
小票,2
关不掉,2
栏,2
真信,2
代为,2
但款,2
愿意,2
以收,2
调查,2
长久,2
会出,2
后应,2
渝期,2
无所谓,2
出境,2
有要,2
已借,2
无发,2
发手机,2
新疆,2
南充,2
东,2
涨钱,2
我错,2
体系,2
有刷,2
网上支付,2
避免,2
乱收费,2
亏了,2
检查,2
查过,2
有毒,2
工具栏,2
如家,2
解决方案,2
没冲,2
假期,2
划出,2
会免,2
毛而,2
提度,2
店付,2
经扣,2
机刷,2
剩点,2
杭州,2
可收,2
最多花,2
打错,2
不太懂,2
差额,2
迅速,2
充直,2
09,2
用不着,2
哪样,2
捐赠,2
那家店,2
提一提,2
迪信通,2
手机用户,2
长分,2
万几,2
重装,2
额后,2
钱换,2
微店,2
退过,2
下发,2
￣,2
洗,2
冲减,2
认出,2
几几,2
张单,2
陶宝,2
公平,2
可乐,2
单号,2
之麻,2
未退,2
人太,2
取回,2
分低,2
屏幕,2
二遍,2
减退,2
运险费,2
智能手机,2
自助餐,2
智能,2
购能,2
没算,2
房子,2
发生变化,2
合肥,2
注明,2
副作用,2
放弃,2
换不上,2
单是,2
负对,2
能结,2
怎让,2
换作,2
不知情,2
度里,2
中能,2
跌,2
好点,2
代开,2
相册,2
改好,2
代理商,2
钱算,2
ios,2
工,2
扫几,2
经济,2
你常,2
算息,2
人人,2
我连点,2
购用,2
放着不用,2
冲钱,2
确说,2
再天,2
长到,2
如可,2
改错,2
收集,2
花光,2
顺便,2
让开,2
陌生,2
更长,2
排队,2
没输,2
帮查,2
几本,2
加盟,2
分斯,2
用后,2
带扣,2
小型,2
就够,2
肿,2
公,2
分没涨,2
能租,2
扫龙,2
要开,2
泥,2
清掉,2
记着,2
尽然,2
大陆,2
刚关,2
华,2
定向,2
想不起来,2
还来,2
回款,2
没成,2
短息,2
多会儿,2
利息支出,2
綁定,2
不知去向,2
印章,2
客车,2
取暖费,2
缓缓,2
有意思,2
还额,2
没发用,2
ali,2
半夜,2
货是,2
能选,2
中段,2
到现,2
调底,2
加到,2
所有人,2
开么,2
过得,2
贝,2
要分,2
宝对,2
增高,2
万年,2
服费,2
违法,2
诚信,2
∩,2
原理,2
扣费会,2
扣嘛,2
情圈,2
进帐,2
后扣,2
大会,2
黄金,2
提前结束,2
安排,2
我长,2
报告,2
会进,2
同个,2
负费,2
应为,2
第三笔,2
包里,2
一把,2
免得,2
apss,2
友,2
调度,2
店门,2
话题,2
印象,2
闪付,2
纸,2
试过,2
拍错,2
澳门,2
联,2
家庭,2
脸用,2
会停,2
蛋糕店,2
早餐,2
没想用,2
雷霆,2
必胜客,2
处,2
几换,2
信征,2
校园,2
一卡通,2
价,2
二度,2
朋友网,2
用券,2
卖方,2
面容,2
中行,2
过户,2
哪网,2
认为,2
止,2
结完,2
货钱,2
哪选,2
信卡,2
花款,2
码嘛,2
换过,2
刚试,2
账务,2
超级,2
包包,2
万五能,2
使用率,2
不高,2
据说,2
张票,2
对公,2
分欺,2
日变,2
付款条件,2
后到,2
漏洞,2
我俩,2
急事,2
笔是,2
二边,2
挨,2
刷错,2
总部,2
准确,2
企业信用,2
不准,2
大家,2
平板,2
收息,2
玛蚁,2
开看,2
资金紧张,2
号子,2
这多,2
蜜码,2
道理,2
节日,2
炒股,2
为付,2
四个,2
花嘛,2
失业,2
限次,2
负钱,2
新建,2
微信付,2
紧,2
明细帐,2
期前,2
第六期,2
交几,2
旅店,2
将近,2
自身,2
这部分,2
音乐,2
储存卡,2
可调,2
最多涨,2
纹身,2
单天,2
小卖,2
铺,2
乍,2
于是,2
只差,2
外国人,2
借货,2
羊城通,2
九游,2
房,2
鼓励,2
要交几,2
迟到,2
卫衣,2
否则,2
盛,2
易,2
怎改,2
积,2
记错,2
马姨,2
区域,2
用行,2
etc,2
这货,2
水平,2
无理,2
银座,2
冒,2
几率,2
几张,2
bu,2
权,2
增减,2
不吃,2
雨,2
安全可靠,2
广州,2
及其,2
理由,2
无端,2
不全,2
流动,2
心想,2
一整天,2
此笔,2
质料,2
转去,2
锁死,2
她们,2
似乎,2
美国,2
点不动,2
册除,2
货币,2
需求,2
大衣,2
往期,2
值几才,2
c,2
换上,2
会有,2
臨時,2
用餐,2
帮不了,2
首位,2
代充,2
不小,2
除去,2
码对,2
保持良好,2
年息,2
账本,2
in,2
退来,2
照样,2
从复,2
统计,2
毁容,2
买不起,2
蓝色,2
打底,2
不付,2
当当网,2
当当,2
解困,2
证实,2
变过,2
从卡,2
省内,2
抢红包,2
占时,2
拾元,2
平衡,2
哪些项目,2
费是,2
信益,2
花会,2
排,2
问能,2
棒,2
救命,2
债,2
多件,2
错点,2
变回来,2
归还给,2
目录,2
不太会,2
尴尬,2
解决问题,2
节清,2
什啥,2
上发,2
一会儿,2
共计,2
没该,2
涨到,2
修,2
车牌号码,2
不太想,2
这台,2
内购,2
短期贷款,2
关关,2
故意,2
把关,2
此号,2
没是,2
详细信息,2
不付合,2
整个,2
概念,2
我算,2
分已,2
推出,2
自动更新,2
六个,2
中借,2
否定,2
会加,2
曾,2
处置,2
不住,2
借天,2
道,2
受不受,2
我市,2
有花,2
工商户,2
宝卡,2
结帐,2
我想关,2
旺旺,2
封控,2
任,2
优点,2
具备条件,2
车站,2
错用,2
门面,2
联华,2
晓得,2
螞蟻,2
丶,2
复原,2
有助,2
有效期限,2
灰,2
如向,2
买件,2
再点,2
期快,2
新用,2
费劲,2
远,2
收不起,2
转来,2
付息,2
多得,2
回乡证,2
一部分第,2
正数,2
加点,2
退少,2
稍候,2
安月,2
爸爸,2
多退,2
签订,2
百度,2
糯米,2
支援,2
我方,2
天算,2
智行,2
还花,2
利用,2
桌面,2
钱然,2
几件,2
期才,2
储蓄,2
银行存款,2
段,2
没网,2
沟通,2
没掉,2
名单,2
上订,2
语,2
进口,2
回不来,2
勇,2
一回,2
款多,2
卡卡,2
笔要,2
账是,2
想换个,2
扣押,2
码会,2
卸掉,2
执行,2
这块,2
玛,2
授权人,2
继承,2
通信录,2
持续,2
电卷,2
几为,2
男朋友,2
时限,2
机用,2
问哈,2
钱里,2
章,2
用够,2
冷结,2
转绑,2
整,2
姐,2
右下角,2
杳询,2
宽,2
平均,2
能住,2
拍摄,2
咋别,2
还光,2
申花,2
屏蔽,2
麼,2
我想询,2
恢复原,2
可找,2
未经,2
交年费,2
流水号,2
少扣,2
女朋友,2
开密付,2
猫券,2
期满,2
生,2
未扣,2
人多,2
分错,2
指教,2
亿,2
没完,2
查寻,2
今早,2
定位,2
甚,2
玩款,2
发了,2
没扣费,2
收嘛,2
选成,2
第三期,2
券儿,2
里点,2
替代,2
深圳,2
摆地摊,2
想领,2
谢,2
扣回去,2
有奖,2
算起,2
柜台,2
有网,2
果,2
一并,2
意味着,2
沒用,2
书旗,2
小说,2
花出,2
安期,2
拍拍,2
算作,2
上充,2
劳资,2
结是,2
借三,2
均,2
数多,2
提么,2
换点,2
账卡,2
被执行人,2
假,2
报,2
地图,2
充不,2
过于,2
又付,2
收多贷,2
一行,2
付款单,2
他用,2
多到,2
总欠,2
会交,2
不快,2
撑,2
打滴,2
人像,2
填几,2
城市,2
一下子把,2
钱该,2
停车,2
小生意,2
一只,2
操作失误,2
没咯,2
不设,2
看来,2
店部,2
刚退,2
还充,2
自从,2
录,2
不超,2
转号,2
烟,2
刮到,2
瞒,2
时装,2
必备,2
贺,2
早餐券,2
清点,2
转款,2
售价,2
奇,2
领钱,2
乐购,2
没可,2
热线电话,2
好看,2
派出所,2
人为,2
支用,2
完要,2
赋予,2
再加,2
没显,2
餐馆,2
美容,2
怎才,2
开对,2
有意,2
未确定,2
开动,2
贴码,2
时钱,2
降下,2
手续费收,2
比款,2
于期,2
一名,2
51,2
分不开,2
部份,2
效果,2
二件,2
只退,2
百分百,2
収,2
购机,2
暂用,2
圆,2
显,2
签到,2
作业,2
换借,2
还关,2
反回,2
用网,2
移出来,2
销账,2
分不长,2
已开,2
很久很久,2
几比,2
可认,2
发消息,2
删不掉,2
那比,2
有余,2
同名,2
化妆品,2
利是,2
享,2
换机,2
执照,2
增添,2
跟着,2
带来,2
不便,2
逐步,2
后后,2
凭据,2
咋生,2
咋销,2
用来用去,2
开奖,2
保险金,2
wap,2
市,2
专卖店,2
商品交易,2
没微贷,2
刚看,2
国家,2
己付,2
兑换券,2
再交,2
鸡,2
多些,2
错号,2
聚美上,2
飞,2
没满,2
非常,2
有分,2
一下全部,2
刷面,2
清退,2
计算公式,2
大哥,2
看好,2
多人,2
未换,2
辨别,2
所谓,2
开点,2
守信,2
没想到,2
看上,2
无资格,2
撤回来,2
大小,2
分辨,2
车子,2
太难,2
店有,2
利润,2
丢掉,2
开心,2
一声,2
托,2
认可,2
几扣,2
长钱,2
券满,2
回馈,2
身分证,2
查帐,2
不分,2
须要,2
上门,2
营业厅,2
拿走,2
下买,2
提点,2
判定,2
制,2
日计,2
入驻,2
一二,2
买货,2
骂,2
降底,2
手上,2
付嘛,2
证信,2
有息,2
欠债,2
按年,2
交还,2
批,2
年限,2
新机,2
作废,2
封会,2
停留,2
退票费,2
信才,2
emmmm,2
返钱,2
海淘,2
证,2
40,2
行么,2
签合同,2
有折,2
没转,2
兴业银行,2
充不上,2
受不了,2
为先,2
转走,2
无辜,2
置换,2
用以,2
里付,2
天计,2
一能,2
调换,2
免额,2
年货,2
时内,2
扫出来,2
我永,2
赏金,2
所借,2
卷换,2
妈呀,2
广发卡,2
那头,2
户,2
钟前,2
不过关,2
何必,2
只不过,2
比率,2
笔数,2
改正,2
批准,2
一句,2
天猫店,2
特定,2
地摊,2
商业贷款,2
一家人,2
要邦定,2
快到,2
要发,2
时未,2
回扣,2
我额,2
交清,2
他家,2
花百,2
真的假,2
不多,2
上班,2
办成,2
用扣,2
门头,2
后用,2
开了个,2
能积,2
几息,2
分润,2
西,2
建立,2
呜,2
社保,2
订货,2
红酒,2
旅游,2
里订,2
撤掉,2
充不起,2
没买成,2
充点,2
一個,2
单券,2
对面,2
选者,2
调少,2
還清,2
未交,2
乱来,2
宝扣,2
网点,2
校检码,2
划分,2
通过率,2
充多,2
怎找,2
门,2
本机,2
先关,2
商品质量,2
有发,2
邮件,2
很长,2
吵,2
标签,2
咋订,2
中华,2
廷期,2
换算,2
跟本,2
收去,2
懒得,2
吋,2
提提,2
清账,2
万分,2
怎会,2
洗衣,2
里充,2
老刷,2
咋养,2
飞机,2
时算,2
可升,2
时后,2
斯,2
补救措施,2
教育,2
复印件,2
蛮,2
理,2
禁,2
nian,2
加额,2
提示信息,2
汽油,2
九龙,2
住店,2
才刚,2
首笔,2
单能,2
充冲,2
加钱,2
招牌,2
车月卡,2
它关,2
放贷,2
定额,2
想分,2
赔,2
甚么,2
粉丝,2
自愿,2
基本上,2
互换,2
敢,2
精确,2
哪号,2
纳费,2
利滚利,2
数字证书,2
毛衣,2
店后,2
超现,2
可行,2
主机,2
就是指,2
几乎,2
能举,2
意见,2
销除,2
越用越少,2
尽快恢复,2
锤,2
吃喝玩乐,2
提先,2
退押,2
不论,2
二代,2
单单,2
值会,2
贷几,2
开支,2
里定,2
　,2
可改,2
票退,2
额算,2
杯,2
气死我了,2
老号,2
机制,2
能减,2
提不出,2
销了,2
購物,2
个个,2
清收,2
vivox,2
互通,2
过往,2
单件,2
省份,2
后换,2
现款,2
具体操作,2
快手,2
纸巾,2
输出,2
害,2
底用,2
金額,2
细则,2
二字,2
师傅,2
下滑,2
没应,2
先交,2
谁给我,2
钱越,2
恁,2
转正,2
急急,2
携程网,2
白金,2
没办,2
有收,2
还会涨,2
中租,2
时收,2
利息费用,2
廷长,2
卡中,2
紅包,2
并存,2
局限,2
没准,2
日起,2
运营,2
酒,2
举例,2
平白无故,2
第一位,2
相加,2
记帐,2
对象,2
信任,2
粑,2
刷机,2
期待,2
还法,2
开放平台,2
加多,2
问过,2
维权,2
加快,2
服装,2
必要,2
责任,2
初中文化,2
听到,2
挷,2
已满,2
交气费,2
站,2
啷,2
多算,2
叶面,2
量,2
不合理,2
岂,2
调试,2
中用,2
平凡,2
差异,2
度用,2
送到,2
书,2
欢快,2
回给,2
完好,2
存上,2
袜子,2
复活,2
客房,2
资讯,2
失误,2
还出,2
出单,2
没笔,2
表示,2
白色,2
一同,2
金是,2
免除,2
182,2
弄用,2
他换,2
用分,2
想起,2
dd,2
条形码,2
挽回,2
上留,2
相等,2
正信,2
后息,2
方没,2
抢票,2
几才够,2
哈伦,2
解帮,2
误用,2
付支,2
先利后,2
升回去,2
走向,2
手快,2
款时,2
高额,2
≥,2
影像,2
我滴,2
恢复过来,2
几都,2
那新,2
股票投资,2
激费,2
可选,2
成本,2
选择性,2
离开,2
疑惑,2
现要,2
一倍,2
ne,2
起点,2
交到,2
服装店,2
改微信,2
时天,2
妹妹,2
垫,2
宝宝,2
用成,2
付是,2
强制性,2
预付定金,2
邮储,2
退多,2
食品卫生,2
许可证,2
具有,2
高有,2
我买件,2
教教,2
没多大用,2
合同期,2
ｐ,2
骚扰,2
包月,2
调减,2
还乱,2
卡开,2
分着,2
声音,2
涨价,2
jiu,2
流水账,2
德,2
能订,2
差距,2
没读,2
囗,2
几借,2
单立,2
连充,2
多款,2
要解,2
证件照,2
照常,2
周一,2
气费,2
钱关,2
没交,2
进取,2
全扣,2
码付,2
中国电信,2
我弟,2
履行,2
版块,2
缓期,2
开销,2
咋会降,2
补领,2
分多,2
我手,2
区,2
正好,2
不换,2
实现,2
迈,2
不急,2
打扰,2
前得,2
太大,2
养到,2
养,2
买滴,2
不能变更,2
然而,2
角,2
删出,2
满几才,2
生活圈,2
符号,2
理财产品,2
台灣,2
手中,2
医保,2
负额会,1
变慢,1
可多开,1
福州,1
片,1
商请,1
淸,1
咋积,1
临时工,1
茶苑,1
银子,1
时官,1
购置,1
房产,1
三仟行,1
点不上,1
临得,1
没钱码,1
钱全,1
帮付,1
低开,1
奶茶,1
花过,1
一吓,1
超收,1
数没少,1
退后,1
过近,1
旁边,1
人进,1
发不出,1
付货,1
罚,1
请查,1
欹,1
期货,1
过查,1
减息,1
別,1
现现,1
用滴,1
好听,1
俞,1
花几才,1
华费,1
怎事,1
领优酷,1
能省,1
怎付,1
祥情,1
老兄,1
新疆地区,1
预算,1
中等,1
按笔,1
咋算出,1
丹尼斯,1
怎解,1
有什,1
对比,1
二到,1
进到,1
开退,1
周黑,1
连锁店,1
好开,1
转卖,1
还错,1
减除,1
听歌,1
另期,1
大宗,1
活,1
成功率,1
号会,1
赠送给,1
操作方法,1
会儿,1
没反回,1
工作日内,1
赠品,1
一给,1
东结,1
想先,1
不一至,1
刚花,1
分日,1
换分,1
拍下来,1
如需,1
滚利,1
重用,1
入口关,1
五期,1
里交,1
小商贩,1
总叫,1
宁,1
再充,1
选填,1
存不进,1
转发,1
提是,1
不一,1
我误,1
负是,1
桌面上,1
混,1
冻上,1
没账,1
周卡能,1
引想,1
纳入,1
海,1
只花,1
贴津,1
直前,1
后处理,1
起腿款,1
分越,1
机号,1
咋期,1
个人主页,1
已后,1
房惠用,1
可降,1
却领,1
信愈,1
割,1
绳子,1
百安居,1
骂人,1
大不了,1
慢是,1
時候,1
黑色,1
越欠,1
若想,1
太短,1
唄交暖,1
氣費,1
已近,1
哪发,1
订阅,1
想询,1
锁扣,1
笔回,1
打码,1
券该,1
洗用,1
很棒,1
挂备,1
冋,1
仍为,1
跟结,1
针对,1
转不出,1
这一说,1
关联方,1
上开,1
想永,1
第几次,1
个星,1
完是,1
商人,1
日应,1
香,1
neng,1
怅号,1
夜,1
选怎用,1
减券,1
扣重,1
点着,1
选取,1
坝,1
放期,1
永退,1
删处,1
叧,1
截款期,1
冲账,1
时以,1
第借,1
跳动,1
厚,1
订外,1
住会,1
几何,1
这什退,1
有名,1
相关联,1
每借,1
回有,1
徽,1
货在,1
混在,1
当钱,1
要录,1
连贯,1
挑高,1
坐牢,1
分花,1
快巴,1
还个,1
错帮,1
管逼,1
奇货能,1
付歌,1
允,1
不长额,1
尽管,1
咋知,1
麻蚁,1
列出来,1
天到,1
额快,1
不放,1
再存,1
降完,1
负影,1
不动会算,1
开不着,1
里己,1
中设,1
延到,1
已选,1
款该,1
录用,1
半用,1
付密付,1
退卷,1
资料卡,1
刷不起,1
再延,1
没钱少,1
湖,1
日延,1
完回,1
不返,1
改在,1
威逼,1
能轮,1
分低会,1
审阅,1
快充,1
直充,1
陌,1
陌币,1
赚入,1
限用,1
10,1
18,1
填低,1
测脸,1
台湾人,1
异议,1
没超,1
退换货,1
空卡,1
多一半,1
买鞋,1
账要,1
续付,1
损坏,1
成万,1
扫二,1
调理,1
准入,1
买灯,1
代激,1
密保能,1
时先用,1
琐,1
税,1
没够,1
拆,1
会真信,1
扣到,1
公用事业,1
信物,1
快款,1
履有,1
往回,1
有没有,1
一哈,1
植物,1
医生,1
鼻,1
法律,1
我留,1
几咋变,1
信运度,1
完下个,1
只先,1
行不通,1
尽,1
嫂子,1
直在,1
要选,1
南京,1
毛能,1
永远都是,1
挣到,1
易网,1
我想問,1
我剛,1
剛開,1
通花唄,1
花貝,1
退运,1
卅,1
中应,1
部队,1
下过,1
期全,1
列王,1
纷争,1
睡,1
唄為,1
開,1
kai,1
万维,1
复核,1
欠缺,1
傅,1
shids,1
毕,1
转化成,1
延期付款,1
我过,1
更变,1
换得,1
理论,1
自持,1
删嘛,1
风控冲,1
提亮,1
补能,1
解决不了,1
混到,1
期中,1
餐费,1
若有,1
守约,1
kaih,1
撸,1
多关,1
没换款,1
以出,1
珊,1
码暂,1
缴错,1
交不起,1
没放钱,1
买同,1
用额,1
扣应,1
能到,1
店内,1
复制,1
密麻,1
齐后,1
周卡永辉,1
我换款,1
一领,1
微钱,1
开据,1
哪项,1
正试,1
一涨,1
网商带,1
钱时,1
调制,1
我花臂,1
截至,1
月租,1
什还会,1
u,1
关吧,1
订制,1
单纯,1
担是,1
挣加,1
冬,1
款分,1
这杂,1
尺寸,1
不合,1
迟些,1
关下,1
考驾照,1
管闭,1
收专享,1
你长,1
荆门,1
请密,1
我哈,1
餐饮,1
付非,1
钱话,1
五福,1
繁体,1
融水,1
卡行,1
店开,1
充微,1
联系地址,1
填不上,1
收花贝,1
液晶电视,1
中多,1
我晕,1
下延,1
深林,1
超长,1
民间,1
真么样,1
小鸣,1
几给,1
码刷,1
关团,1
变大,1
能集,1
锅上,1
飘,1
火锅,1
风期,1
零用钱,1
上卖,1
山地车,1
刷掉,1
卜,1
款行,1
有钱人,1
寄来,1
说本,1
有办,1
互是,1
无意间,1
keyi,1
还全,1
有救,1
想迟,1
换能,1
买书,1
叻,1
别一,1
能额,1
汇花,1
世,1
险中,1
借得,1
回卡上,1
北国,1
想交,1
门槛,1
已否,1
传至,1
里卡,1
一气之下,1
初始值,1
一颗,1
临县,1
pp,1
聚力,1
回个,1
咱不说,1
滑动,1
填行成,1
墨西哥,1
免首息,1
买什,1
应付款,1
huabei,1
机蜜里,1
问是,1
缺货,1
怎退,1
利希几,1
手段,1
用酒,1
改写,1
交不聊,1
我设,1
调高来,1
调不回,1
少额,1
灶,1
几后,1
嗨,1
退的然,1
证据,1
更欢,1
怎摸,1
期钱,1
动充,1
秘书,1
循序,1
确退,1
庆卡,1
购与,1
无原,1
强烈要求,1
取退,1
社么降,1
付全,1
欠数,1
八折,1
完换,1
低才,1
设支,1
交易平台,1
买款,1
钱妈,1
通不,1
借人用,1
分俩,1
次期,1
完未,1
起款,1
征给,1
算在里面,1
盗走,1
理发店,1
征收,1
赠加,1
面值,1
度来,1
我满,1
力及,1
曾加,1
本得,1
撒换,1
太多会,1
办车,1
酬金,1
多额,1
减几,1
摇一摇才,1
运用,1
日午,1
值上,1
程度,1
呮,1
出现异常,1
多应,1
多会交,1
看清楚,1
和解,1
意兴,1
一顿,1
半想用,1
几咋算,1
长沙,1
招商,1
接换,1
花得,1
立牌,1
fenq,1
wufa,1
老大,1
本本,1
背景,1
第四期,1
我想长,1
合约,1
清偿,1
单买,1
定义,1
弄出去,1
押后,1
单一,1
抵付,1
海报,1
体统,1
亿元,1
生源,1
战时,1
经营性,1
总多,1
范儿,1
我够,1
满想,1
详细情况,1
另一方,1
下挂,1
摸输错,1
能差,1
很久以前,1
被动,1
写人,1
稳赚,1
外欠,1
哪花,1
钱进,1
双鞋,1
与否,1
一群,1
满返,1
河南省,1
手工操作,1
银花,1
没接,1
瞬间,1
还部,1
咋噶办,1
计录,1
说满,1
校证码,1
校正,1
断开,1
留在,1
分来,1
找点,1
爆发,1
零有,1
说法,1
弹窗,1
分其,1
室,1
利略,1
fu,1
几蛮,1
需扣,1
进而,1
免去,1
显视,1
宝贵,1
证户,1
本该,1
还壳款,1
人二,1
售货机,1
田森,1
洪客,1
隆,1
双击,1
转门,1
时有分,1
扫额,1
煤费,1
克,1
钱台,1
还加,1
huan,1
可见,1
卡咯,1
三遍,1
市场,1
没弄,1
我想存,1
九转,1
换满,1
并非,1
未安期,1
钟是,1
通话费,1
会员名,1
二者,1
延拖,1
当做,1
骑行,1
连本带利,1
最是,1
服务器,1
刚下,1
脸时,1
个期,1
近不去,1
空然,1
有晚,1
不批,1
厂品,1
码登入,1
由情,1
我宁外,1
上学,1
阿用,1
揍,1
以此类推,1
电信卡,1
原地,1
水果店,1
杂找,1
我母,1
五笔,1
账换,1
圣诞节,1
元旦,1
一中,1
这开,1
码蜜码,1
这买个,1
这办,1
专家,1
我认,1
借叹,1
少用,1
天美,1
刮乐赠,1
如此,1
发期,1
我见,1
摇取,1
银转,1
红米,1
商务,1
入帐,1
全退,1
分频,1
已钱,1
动态,1
我原,1
如过,1
国际,1
有信,1
那去,1
往外,1
改少,1
黄钻,1
门口,1
要算,1
取钱,1
换车票,1
资金周转,1
一才,1
贞信,1
借线,1
起输,1
售,1
鹿城,1
电商,1
点上,1
般款行,1
钱边,1
用边,1
自关,1
尼玛,1
钱确,1
没未,1
少部分,1
低息,1
款快,1
农信社,1
过确,1
哪栏,1
没增,1
结日会,1
票扣,1
出理,1
列,1
卡钱,1
点里,1
时买,1
热水器,1
估定,1
评分标准,1
高学历,1
聚宝,1
全场,1
改日,1
笔有,1
大度,1
咸少,1
帮换,1
一借,1
厦门,1
增值,1
境外游,1
付滴,1
太旺,1
严选,1
赢免,1
专户,1
一零,1
未改,1
無法,1
不耍,1
那前,1
付要,1
帜,1
太紧,1
事宜,1
下不上,1
每比有,1
小红,1
书上,1
公式,1
有涨,1
末到,1
购得,1
173,1
48,1
我算下,1
失敗,1
办卡,1
減息,1
接几,1
自我,1
我调,1
加起,1
券嘛,1
赠给,1
回赠,1
耐药,1
结核,1
茌,1
本书,1
花通,1
走超,1
还会降,1
没经,1
嫁接,1
想改,1
千多,1
附和,1
有何意义,1
可次,1
比方说,1
手头,1
底前,1
手贱,1
＝,1
挖领,1
尔,1
六用,1
侍,1
可续,1
连分,1
还弹,1
改还期,1
价单,1
算令,1
涨额,1
虾米,1
杂样,1
申通,1
万宁,1
中国工商银行,1
展示柜,1
很难,1
利希高,1
介,1
血,1
炒作,1
笔账,1
否清,1
没买用,1
民办教育,1
开能查,1
滑,1
狗,1
先能,1
意识,1
缓冲期,1
zhs,1
提示卡,1
扣错,1
分控,1
咔,1
阵子,1
照照,1
ixi,1
借后,1
哪取,1
戚用,1
赌博,1
杀毒,1
换收,1
如家订,1
改小,1
扫得,1
如才,1
几会开,1
优秀,1
献爱心,1
捐助,1
金有,1
周四,1
轮,1
少付,1
险能,1
怎洋,1
违规行为,1
开封,1
延续,1
国徽,1
银行帐号,1
何种,1
支有,1
内分笔,1
批发网,1
高过,1
官款,1
用做,1
常熟市,1
莫城易,1
卡错,1
来刷,1
什在,1
技巧,1
关系人,1
脉助,1
乐换,1
按日算,1
按月算,1
单时,1
凑单,1
购占,1
停车费,1
添错,1
時,1
大牌,1
快抢,1
少会,1
不先,1
单里,1
扫款,1
扣俩,1
能生,1
递增,1
没限,1
有通,1
没贷,1
丢钱,1
确没变,1
机密,1
一换,1
成扫,1
马后,1
前不久,1
药费,1
进程,1
捏,1
好换,1
几项,1
三样,1
享个,1
周天,1
赠值,1
负算,1
春天,1
一齐,1
掉级,1
吻合,1
推回来,1
三相,1
没伸,1
那付,1
退改,1
票钱,1
溜冰鞋,1
轮子,1
缺期,1
gm,1
购分,1
对用,1
发错,1
同天,1
笔用,1
没为,1
罰息,1
还底,1
我存,1
剩额,1
如向何,1
会高,1
汇款,1
藏宝阁,1
日志,1
弱,1
六选,1
前线,1
上下,1
从而,1
上少,1
shij,1
出对,1
享单,1
开成,1
二款,1
并入,1
我得告,1
次月免,1
密付付,1
缺陷,1
本科,1
在读,1
查欠,1
不可抗力,1
门牌号,1
红色,1
可扫,1
没去,1
女儿,1
提不起来,1
还确,1
完够,1
拖点,1
转会,1
互用,1
没留,1
别样,1
签兑,1
摊贩,1
明调,1
赖账,1
自动化,1
无意之中,1
会算到,1
卡问,1
添,1
被迫,1
聚美买,1
有理,1
过返,1
久用,1
通高,1
完工,1
分成二份,1
花臂,1
带鱼,1
程,1
会放,1
佰,1
多元,1
跟期,1
用此,1
兜,1
看不出,1
申请表,1
弍,1
少期,1
码手,1
刚刚开始,1
完借,1
ipad,1
一哈嘛,1
信换,1
节省,1
龙有,1
刪,1
水,1
计帐,1
起止,1
懂得,1
不一祥,1
从前,1
有算,1
寶要,1
帐卓,1
心情,1
点变,1
赞同,1
先存,1
后存,1
几用,1
我久,1
到子,1
挖矿,1
总加,1
全数,1
卡借,1
微笑,1
聊天记录,1
人交,1
最起码,1
批量,1
十万块,1
哪进,1
欢有,1
记算,1
几的利,1
全不,1
代码,1
绑卡有,1
借快,1
简单,1
运营商,1
允值,1
张卡想,1
儿童,1
描红,1
引用,1
亮,1
衫,1
kanbuda,1
借时,1
按万,1
终是,1
强迫,1
分不低,1
不租,1
之付,1
中专,1
挖到,1
现付,1
之一,1
办不到,1
我输错,1
如花,1
不服,1
好使,1
餐点,1
真有,1
几买,1
极致,1
咖啡,1
杳,1
藏,1
当晚,1
贴能,1
补发,1
相电,1
无借,1
本省,1
包是,1
刷卡器,1
勿,1
有错,1
拆出,1
怅单,1
欢上,1
老不对,1
没解,1
优拜,1
结不起款,1
关要,1
佝,1
改改,1
咩,1
壹佰元,1
深,1
快退,1
莫明,1
仔,1
部能,1
然是,1
够物,1
免洗,1
免额期,1
济州,1
免税店,1
五次,1
改回去,1
电瓶车,1
咋代款,1
不增,1
从少,1
职消,1
原额,1
还卡,1
拍个,1
洛阳,1
需几信,1
次日,1
我且,1
还家,1
秘鲁,1
冲不起,1
大过,1
蕾丝,1
应响,1
应扣,1
一通,1
不就行,1
十笔,1
无印良品,1
简易,1
泄露,1
款现,1
怎不长,1
底提,1
多场,1
上行,1
一个个,1
提迟,1
不经意,1
挖奖,1
底会,1
结转,1
老有,1
网游,1
全关,1
再度,1
设立,1
然扫,1
无言,1
补救,1
马来西亚,1
还数,1
扣起,1
看中,1
咋設,1
大年初一,1
怎以,1
日借,1
没钱进,1
不填,1
从开,1
还梦用,1
dq,1
我莫法,1
二类,1
没哈,1
没个,1
怎算,1
上存,1
分提,1
zara,1
客问,1
计算方法,1
叫唤,1
不长分,1
遇到困难,1
可为,1
几欠,1
多刷,1
撤出,1
缴固话,1
不合算,1
看支,1
改价,1
我延,1
以扣,1
新世纪,1
怀柔,1
那租,1
期从,1
陪款,1
短租,1
我花坝,1
内页,1
时该,1
hys,1
卡网,1
易懂,1
事能,1
借款单,1
上解,1
几送,1
款少,1
提我额,1
宝卡有,1
弟弟,1
有降,1
看买,1
害处,1
缺点,1
准,1
十多个,1
降权,1
充成,1
网商关,1
管清,1
期买个,1
問問,1
答案,1
工作室,1
减分,1
觉,1
像是,1
啮,1
征样,1
为森,1
想变,1
冻住,1
可退回,1
按说,1
査,1
大型商场,1
煤气,1
高等,1
自个,1
变零,1
借不聊,1
老娘,1
屁话,1
目,1
开玩,1
喝,1
既,1
原样,1
往次,1
天猫分,1
签写,1
每人,1
上卡,1
后话,1
配件,1
没嘛,1
咋划,1
倩女,1
日卡上,1
合家,1
sdk,1
中信,1
蛮足,1
付会收,1
既扣,1
货都,1
要说,1
额看,1
qqb,1
整过,1
花叭,1
zhuanj,1
问样,1
額算,1
选选,1
间接,1
选到,1
业务费,1
微信花,1
因过,1
澳大利亚,1
加收,1
咋锁,1
定购,1
没课,1
退迟,1
一片空白,1
太人,1
恶心,1
不款,1
我同,1
查不上,1
道具,1
药,1
分三,1
请间,1
号服,1
邮先,1
踢,1
宝给,1
额定,1
但花,1
已致,1
本款,1
路边,1
澳洲,1
赠券,1
咋子算,1
跳不出,1
销号,1
我新办,1
储存,1
几酒,1
事多,1
取额,1
拍下,1
条裤,1
多买,1
同理,1
取不出,1
还货,1
前提条件,1
上同,1
日时,1
气候,1
一人能,1
摇摇,1
变付,1
乡镇,1
指点,1
空中,1
小二说,1
货用,1
办完,1
拍用,1
弄回,1
能为,1
起用,1
开得,1
会率,1
天用,1
未用过,1
卡费,1
捷信,1
钱喃,1
产品价格,1
只少,1
克制,1
闭,1
有交,1
能换现,1
鍀,1
导航,1
会补,1
分笔,1
存卡能,1
事儿,1
富迪,1
加么,1
短借,1
引导,1
没事儿,1
后想,1
哪边,1
成天,1
很差,1
或换,1
但换,1
很早,1
一类,1
付有,1
显未,1
容,1
帐户名,1
该付,1
负后,1
就入,1
反弹,1
徐州,1
金鹰,1
第二回,1
收矿,1
整天,1
周围,1
发在,1
卡交,1
快餐店,1
俄,1
官,1
以未,1
重要,1
换用,1
切款,1
台胞证,1
平次,1
会加分,1
完会开,1
周岁,1
喜士,1
说算下,1
恢复原状,1
花茶,1
请问,1
我乃个,1
日会发,1
砸,1
浦发银行,1
医药费,1
什付,1
名细能,1
债务,1
察看,1
选中,1
进是,1
进线,1
收付,1
錯,1
时老,1
怎山,1
首贷会,1
绐,1
抱,1
咋算得,1
拍卖,1
绷,1
出生,1
借出去,1
天津,1
大悦,1
城,1
现场,1
佳缘,1
银行业务,1
可有,1
骑单车,1
开网,1
我大,1
虹彩,1
收单,1
周三,1
撤款,1
下会收,1
详,1
单打,1
换约,1
流泪,1
怎弄,1
认清,1
长些,1
请登入,1
批下来,1
费付,1
一律,1
记录仪,1
不手,1
负多,1
欠会,1
账内,1
最合适,1
数加,1
采暖费,1
眼镜店,1
執,1
瞪,1
休息,1
催债,1
码坏,1
我摇到,1
先后,1
算几厘,1
私自,1
已改,1
存有,1
表情,1
开工,1
问好,1
怎扫,1
省,1
领几,1
牵扯,1
改卷,1
全收,1
专提额,1
海南,1
没店,1
重行,1
醉,1
文易,1
我勒,1
牌子,1
值能,1
摇出,1
快给我,1
交通流量,1
售卖,1
领兑,1
整么关,1
金要,1
该笔,1
认出来,1
抵集,1
刮胡刀,1
租令,1
怎轲,1
黑客,1
盗取,1
案件,1
审理,1
快捷方式,1
睌,1
中买,1
能下,1
乛,1
评语,1
觉着,1
靠,1
谱,1
结合,1
换来换去,1
石家庄,1
历,1
点动,1
有货,1
度少,1
白,1
我肯,1
反倒,1
包在,1
上卡包,1
日气,1
头会,1
那算,1
第八期,1
机有,1
点多,1
办俩,1
現在,1
未买,1
俄罗斯,1
蛋糕,1
钱升,1
坚持,1
费充,1
感是,1
将来,1
抵掉,1
已放,1
怎是,1
带长,1
mmp,1
方向,1
提后,1
写个,1
收据,1
单都,1
在此之前,1
换清马,1
换乱,1
后余,1
交多,1
改先息,1
客给,1
人收,1
维客,1
上个,1
那来,1
日收,1
里弄,1
那升,1
首饰,1
借本,1
重心,1
死亡,1
货再点,1
付能付,1
补拍,1
满到,1
起始值,1
降分,1
改扣,1
三后,1
变高值,1
透之几,1
升网商,1
妹,1
想升,1
商货,1
看要,1
ban,1
啵,1
钱先,1
柜子,1
哪些方面,1
西沟,1
会晚,1
兆,1
文付,1
期付,1
一瞬间,1
不和集,1
个别,1
没试,1
得知,1
我尔,1
门头照,1
不取,1
各位,1
三佰元,1
还歉,1
不同点,1
现息,1
qian,1
下付,1
陌生人,1
买方,1
個,1
分別,1
缺啥,1
用卡能,1
关问,1
商都,1
生日,1
认用,1
缓冲,1
图库,1
有事没事,1
初始状态,1
品嘛,1
账钱,1
有借有还,1
挺好用,1
上花,1
二会,1
还会变,1
我加购,1
战对,1
取代,1
远方,1
他点,1
佩服,1
有微,1
事件,1
剩几未,1
改来改去,1
码花,1
能条,1
购后,1
码中,1
通联,1
天弘,1
极限,1
取向,1
过千,1
高德,1
怎降,1
华硕,1
还时,1
透透,1
张额,1
萌店,1
le,1
专车,1
对涨,1
垃圾,1
多划,1
借多会,1
xiugai,1
其别,1
有花坝,1
回比,1
选一,1
hw,1
万分之一,1
连同,1
会入,1
刷脸,1
总过,1
先花,1
只算,1
体检,1
主卡,1
登记证,1
收錢码,1
白嫩,1
二条,1
抵触,1
零售,1
通上,1
qianq,1
囙,1
以贷还贷,1
街上,1
生意,1
生份证,1
几厘,1
嗳,1
想家,1
供暖费,1
这辈,1
算算,1
性,1
按理说,1
到付,1
稀里糊涂,1
免提,1
现费,1
民办非,1
住册,1
金燕卡,1
一切,1
征西,1
关完,1
能伸,1
成度,1
来个,1
老话,1
咖,1
务,1
借着,1
股份,1
刻意,1
回微,1
信收,1
怪不得,1
少人用,1
不像,1
冲好,1
相反,1
收超,1
前买,1
发微信,1
阿上,1
xit,1
自动识别,1
单线,1
匆,1
下边,1
期而,1
如今,1
hu,1
我码,1
重买,1
对照,1
地钱,1
开几,1
牵连,1
销毁,1
好几家,1
转户,1
压金退,1
很慢,1
还本付息,1
踢足球,1
乡下人,1
稳稳当当,1
过日子,1
结果显示,1
申直,1
个体经营,1
武义县,1
转到子,1
多一笔,1
麦克风,1
bunengyongle,1
五一,1
邮箱地址,1
期望,1
名牌,1
鸡蛋,1
点率,1
礼券,1
大点,1
提额额,1
不可不,1
现买,1
发改,1
没话,1
高能,1
认定,1
损额,1
有弹,1
转出去,1
重付,1
成负会,1
这么晚,1
肔,1
机主,1
机型,1
jt,1
帐目,1
总让,1
拿出,1
我刷错,1
资费,1
想关,1
二满,1
来要,1
几页,1
连帽,1
转不钱,1
不夠,1
此人,1
中请,1
读书,1
扣卡上,1
咋入,1
败,1
铁路,1
有扣,1
开拓,1
开票,1
脸通,1
譬如说,1
当地,1
限几额,1
晚日,1
总提,1
方付,1
毁约,1
剁,1
手操,1
罗,1
自打,1
feichang,1
千牛,1
框框,1
零事,1
景,1
还体,1
额咯,1
剪掉,1
还们,1
码器,1
那张,1
药房,1
能透,1
节,1
三福,1
光闭,1
〈,1
点用,1
这少,1
横杠,1
通开,1
mah,1
多开,1
清洗,1
英文,1
晚俩,1
没住,1
干通要,1
放不进,1
帐内,1
老用,1
咋会入,1
问道,1
意在,1
能作,1
快快,1
客页,1
低有,1
镸,1
混乱,1
181,1
最有,1
上市,1
看能,1
用飞,1
还重,1
中信银行,1
郎个,1
送来,1
穷,1
移新,1
犹疑,1
狂,1
没急时,1
外籍,1
款交,1
错话,1
退查,1
反款,1
开得通,1
满地,1
人代,1
信度,1
缘故,1
人物,1
提下额,1
面额,1
加密,1
免扣,1
开小,1
这卡能,1
共需,1
有邦定,1
代换,1
借行,1
莉,1
fangshi,1
法人代表,1
几前,1
欧元,1
怎领,1
找小二,1
边儿,1
用续,1
既有,1
花白,1
便民,1
不为,1
一场,1
已援权,1
义马,1
订正,1
确用,1
但度,1
短点,1
含义,1
收款人,1
老往,1
ren,1
死,1
售假,1
社会,1
分款,1
天降,1
该开,1
可查,1
不白开,1
家店,1
单咋查,1
逐渐,1
可放,1
才计,1
如换,1
财产,1
结洼,1
悬殊,1
换开,1
款式,1
商品信息,1
我杂,1
眷,1
应付,1
交易规则,1
传错,1
选好,1
好码,1
92,1
加倍,1
追,1
用同,1
那就算了,1
从买个,1
变后,1
园,1
生气,1
建话,1
哪冲,1
不老,1
整么办,1
皮衣,1
瓜分,1
可通,1
需票,1
店方,1
安心,1
想延,1
不低,1
交易方式,1
大宝,1
同微信,1
付后,1
我退,1
会弹,1
打勾,1
会路,1
那多,1
钱传,1
提不起,1
中租机,1
原谅,1
新卡,1
旧卡,1
报废,1
没营,1
聊天,1
险去,1
还照,1
管不了,1
白花,1
不交,1
不玩要,1
借算,1
运动,1
灯笼,1
抽丝,1
锁屏,1
中不借,1
只会用,1
付可,1
换货,1
chixu,1
用换,1
不安,1
狗后,1
能俩,1
开再,1
齐,1
菜市场,1
之有,1
协助,1
不错,1
怎没分,1
失踪,1
学费,1
拉倒,1
外用,1
翻,1
转卡,1
解卡,1
欠九佰多,1
可住,1
旅社,1
溢出,1
低能,1
不比,1
会过,1
会付,1
再调,1
改卡,1
连卡,1
钱不动,1
极少,1
人民银行,1
帝,1
幅度,1
转到第,1
时长,1
没全,1
借会降,1
夂,1
券要,1
里划,1
填表格,1
拒,1
蜀,1
后会涨,1
疯,1
取消资格,1
哪哈,1
百分之五,1
多借,1
升嘛,1
可信度,1
完美,1
回归,1
除夕,1
柳州,1
期返款,1
评级,1
大文出,1
回话,1
总期,1
分几欺,1
查花坝,1
宝用,1
奖卡,1
见效,1
额低,1
慢提,1
潜在,1
海底,1
捞,1
这俩,1
租借,1
没签,1
同意书,1
从天,1
时多,1
反映,1
战,1
入到,1
此项,1
地铁,1
收税,1
税率,1
无关,1
已交,1
我交过,1
晚天,1
未成年,1
款晕,1
签订协议,1
宝卡用,1
拜托,1
抹,1
卷能,1
贷后,1
欠下,1
只后,1
概率,1
没买过,1
额头,1
流失,1
部长,1
卡代,1
还青,1
反倍,1
怎什没,1
高是,1
付款人,1
长期贷款,1
得用,1
刷卡机,1
愉期,1
另一半,1
时想,1
维品,1
今个,1
大奖,1
付狂,1
拥挤,1
文盲,1
仔细,1
玏,1
现需,1
关蔽,1
退除,1
日记,1
五是,1
五选,1
咋题,1
叫用,1
先要,1
充活费,1
ps,1
低用,1
九毛,1
天借,1
一夜,1
东莞,1
全球,1
成复,1
怎末,1
方太,1
油烟机,1
扫完,1
咯款,1
无度,1
百分之零点,1
持有,1
阶段,1
栋,1
一扫用,1
怎啥,1
那未,1
礼物,1
首月,1
充几,1
不改,1
支改,1
佳乐家,1
只选,1
碰到,1
身亡,1
欠额,1
xx,1
提額,1
一一,1
挖出,1
还会出,1
不对款,1
一降,1
都行,1
聚美用,1
baleno,1
签购,1
138,1
65,1
那调,1
蚂议,1
单款,1
那买,1
费几,1
膏,1
可超,1
没假,1
虎牙,1
直播,1
分号,1
出借,1
应急,1
不断,1
误乐,1
银泰,1
没升分,1
咋邦定,1
功能障碍,1
laigufe,1
29,1
恶毒,1
查讯,1
出镜,1
原件,1
冻掉,1
一秒钟,1
唤,1
过分,1
时未到,1
杂退,1
能腐款,1
打不进,1
怎莫,1
申领,1
关了子,1
事看,1
款到,1
还城,1
不须,1
支发倍,1
找代,1
满几能,1
多快,1
发发,1
用发,1
新新,1
飞猪订,1
体到,1
滑板,1
至到,1
早己,1
滴钱会,1
台湾,1
码样,1
小蚂哥,1
我哥,1
转圈圈,1
时是,1
我喃,1
短消息,1
软能,1
入何,1
脸才行,1
調高,1
合钱,1
付几才,1
分级,1
颜色,1
能店,1
anniu,1
飞车,1
解读,1
开完,1
开即,1
皇城,1
满屏,1
卷券,1
我返,1
取件,1
端的,1
图解,1
反问,1
苹果公司,1
购了,1
日提,1
胀,1
看着,1
定于,1
文化,1
免签,1
那日,1
部门,1
确扣,1
推款,1
没费,1
学生,1
你点,1
错误代码,1
阖家,1
青青,1
十三,1
广发,1
调控,1
有门头,1
网络游戏,1
中去,1
有件,1
人才,1
选则,1
贩,1
冰冰,1
最迟在,1
辆,1
魅族,1
颌度,1
期内,1
有够,1
能接,1
填几为,1
有礼息,1
动手,1
要存,1
第一回,1
没划,1
人刚,1
迁移,1
忘好,1
声请,1
保险公司,1
交保,1
没想点,1
显示卡,1
tongguo,1
qing,1
以百为,1
礼是,1
在内,1
54,1
82,1
买下来,1
退返,1
法律承认,1
手有,1
提临额,1
粘网,1
上尼,1
需大,1
摇一摇必,1
先帮,1
千万别,1
上当,1
售卖机,1
友宝,1
自动售货机,1
完问,1
只够,1
零首付,1
生长,1
三代,1
用口,1
除掉,1
passo,1
奇怪的是,1
优选,1
统统,1
谁动,1
最持,1
现时,1
千,1
买不聊,1
提个,1
手机游戏,1
索要,1
牫,1
有购,1
会否,1
延伸,1
求解,1
帮订,1
职能,1
怎向,1
肉,1
有限公司,1
哪关,1
上换,1
某收,1
颗,1
男,1
付对,1
不慎,1
分给,1
挪到,1
调小后,1
领领,1
外来,1
块,1
酷狗,1
银行担保,1
dnf,1
日靠,1
分挺,1
专柜,1
人际关系,1
顺利,1
问密付,1
少有,1
短会,1
零售商,1
后下,1
提伸,1
没自调,1
飞天,1
多成,1
免费送,1
关必,1
烦,1
二手,1
不加分,1
打比方,1
打死,1
付时,1
金额满,1
那卡,1
拉入,1
我前,1
打卡,1
未邦,1
仅仅,1
降降,1
洗衣服,1
频度,1
舍,1
变一,1
脸行,1
新版,1
说断,1
信息反馈,1
合二为一,1
栅,1
瓜子,1
五到,1
设有,1
推举,1
付少,1
155,1
填完,1
要什,1
卡有,1
念,1
买楼,1
间隔时间,1
从有到无,1
十来天,1
失联,1
款转,1
贷车,1
公开,1
副食店,1
优先选择,1
推销,1
只得,1
脚,1
问得,1
我传,1
我院,1
来接,1
先到,1
钱杂,1
点收,1
基准,1
每张,1
冰结,1
完再,1
亚航,1
五角钱,1
会员中心,1
蓝车,1
甲,1
行到,1
揭开,1
息金,1
输不上,1
抽返,1
现卡,1
到券,1
口除,1
180,1
04,1
补填,1
附加,1
开没开,1
tm,1
时确,1
缴电,1
湖北,1
古装,1
中来,1
钱会涨,1
不适,1
融合,1
世纪,1
发生额,1
怎杞,1
最高点,1
内前,1
守,1
七个,1
各地,1
下限,1
逗人,1
mobie,1
最多负,1
132,1
74,1
相片,1
抵钱,1
充费,1
钟期,1
本利,1
华夏银行,1
华夏,1
时刻,1
窗,1
豆浆,1
买好,1
杭州市,1
江干,1
有权,1
一下子全部,1
怎米,1
怎冻接,1
经办,1
没停,1
重在,1
麦,1
关不关,1
停说,1
拍小,1
还拉能,1
钱能点,1
没忘,1
万六,1
推延,1
头用,1
纯白,1
金花,1
房费,1
商有,1
零提,1
头疼,1
网通,1
假货,1
运单,1
少花,1
实数,1
天荒,1
只服,1
没登错,1
收重,1
不期,1
一足,1
扫一,1
扫用,1
专项,1
升几,1
小数点,1
一所,1
进钱,1
弃用,1
卖主,1
充好,1
没动静,1
人问,1
辨认,1
刚领,1
会操,1
说次,1
条到,1
好烦,1
该用,1
度数,1
函是,1
签好,1
就会关,1
天然气,1
∠,1
※,1
平,1
一码,1
我配,1
没双,1
透额,1
保号,1
复机,1
寄过来,1
邮,1
卓悦,1
鸣,1
我新换,1
减单,1
是媛媛,1
买入,1
涵能,1
虽要,1
加锁,1
初分,1
长利,1
体验版,1
数学,1
解觉,1
力,1
网商貸,1
好扣,1
先充,1
银行帐户,1
嗷嗷,1
误填,1
使作,1
想子,1
擅自,1
没拉,1
没线,1
借闭,1
必定,1
我想贷,1
强关,1
改进,1
找人贷,1
乙关,1
档案,1
授權,1
用人,1
我想设,1
极分,1
副本,1
另一只,1
dut,1
中花,1
来临,1
借几才,1
別人用,1
不要紧,1
没登入,1
低想,1
用起,1
订飞,1
杂接,1
领啦,1
还接,1
代练店,1
降单,1
没算天,1
调额点,1
负想,1
快通,1
蝼蚁,1
画,1
主义,1
同月,1
我于,1
后悔,1
人行,1
按过,1
几好,1
付期,1
流动资金,1
贷款人,1
蜜付,1
没急,1
hello,1
这份,1
调解,1
几要,1
时送,1
时可借,1
产不,1
日结,1
快件,1
脱,1
于额宝,1
抠款,1
刚到,1
存心,1
多万,1
式,1
可随,1
买回来,1
啲,1
想往,1
多转,1
解借,1
借不起,1
几哇,1
被控,1
闲,1
鱼花,1
鞋店,1
一向,1
售后服务,1
会多要,1
分可,1
儿问,1
乱搞,1
纸制,1
分天,1
病情,1
好转,1
暂时性,1
绑卡时,1
得出,1
我秀豆,1
买花,1
算数,1
找过,1
照顾,1
会何,1
扣会收,1
处罚,1
高为,1
已解,1
南瓜,1
领券,1
以防,1
代金,1
寶,1
寶嗎,1
联合,1
天雪凌,1
天呐,1
已款,1
消了,1
以一,1
笔画,1
在生活中,1
购购,1
拨,1
长期性,1
后盖会,1
交取,1
周大福,1
家乡,1
没人用,1
何原因,1
花交,1
头后,1
未找到,1
几度,1
需有,1
会得用,1
用该,1
户口本,1
心里,1
没数,1
废弃,1
我下,1
杂花,1
有宝,1
这起,1
会限,1
另一边,1
识,1
肆拾,1
维修,1
去不去,1
横线,1
印证,1
后金,1
刚点,1
绝不会,1
退用,1
挺升,1
被告,1
掏钱,1
男人,1
到际,1
手機,1
为塞开,1
干叨,1
ssss,1
非故意,1
钱长,1
改咋付,1
説,1
依次,1
通没,1
总借,1
意向,1
问算,1
迷你,1
黑单,1
aa,1
扫二唯码,1
如禾,1
别是,1
行嘛,1
碼找,1
﻿,1
回新,1
爆增,1
除外,1
发生冲突,1
第一步,1
乙,1
我务点,1
前俩,1
码支,1
跳高,1
背带,1
芝,1
显示器,1
托儿,1
课胡,1
购物广场,1
ㄥ,1
南宁,1
一手,1
一半一半,1
限于,1
用加,1
奇妙,1
货己,1
扛,1
解退,1
出租,1
一瓶,1
油,1
算了吧,1
未成年人,1
江西省,1
抚州市,1
宜黄县,1
时卡,1
日试,1
昨夜,1
哪钱,1
会列进,1
险回,1
路边摊,1
达尔,1
不及,1
银卡,1
再进,1
临近,1
没非,1
管掉,1
借俩,1
少楼,1
卡死,1
没码,1
quap,1
手痒,1
往冲,1
现想,1
越长越,1
越短,1
最多会,1
sfb,1
管不上,1
浏览,1
ang,1
生请,1
宣掉,1
商客,1
你声,1
费及,1
扥,1
问提,1
少夫,1
换新证,1
二唯码,1
随到,1
几步,1
颜值,1
买卖,1
天双,1
借不鸟,1
支末,1
要邦,1
几付,1
版买,1
征,1
少接,1
初一,1
抵押金,1
hahaha,1
无证,1
换托,1
奖金,1
生活馆,1
建,1
小数,1
普惠会,1
招联里,1
从梆定,1
湘江,1
预购,1
懂点,1
查完,1
玩笑,1
银发,1
哥们,1
没往,1
套路,1
某个,1
面临,1
求开,1
指引,1
置顶,1
前全,1
生活费,1
到实,1
这必,1
认真,1
不正,1
补到,1
钱码,1
全期,1
八心,1
文字,1
坚决,1
批扣,1
祢好,1
怎可,1
响应,1
剐,1
内用,1
券包,1
办好,1
多重,1
期月,1
好额,1
类似,1
咋闭,1
关不,1
够买,1
狂欢节,1
券未,1
间少,1
个体户,1
期要,1
回提,1
要满,1
马眼,1
白猫,1
洁净,1
用话,1
趣,1
能超,1
迟疑,1
玩想,1
我飞,1
几刚,1
查对,1
在外,1
降调,1
家用,1
出卖,1
de,1
制做,1
重绑,1
贷能,1
无名,1
二台,1
领没领,1
计次,1
在建,1
兩,1
帳单,1
显置,1
总结,1
付想,1
门票,1
退是,1
总之,1
优,1
没补,1
理发,1
公共,1
钟内,1
码字,1
说代,1
shi,1
zhifu,1
说来说去,1
缓存,1
喀度,1
有手,1
费费,1
会愈期,1
顶替,1
单天能,1
没改,1
网商能,1
先退,1
付软,1
长付,1
正反面,1
数码,1
成先息,1
网银能,1
分几后,1
镜子,1
鼠标,1
不限视,1
我往,1
几里,1
玉玉,1
开时,1
推向,1
买成,1
真能,1
能算,1
送餐,1
上报,1
滴钱,1
今用,1
有项,1
联想,1
笔记本电脑,1
部款,1
里款,1
我重,1
哪付,1
换前,1
欧洲,1
来记,1
挑,1
分高开,1
洞结,1
嫌额,1
到免,1
够确,1
接过,1
没口,1
大以,1
奶,1
具体情况,1
没洗,1
连个,1
转至,1
做堤,1
宗,1
老叫,1
帐付,1
我出,1
欢,1
总买,1
利能,1
小蜜蜂,1
没会,1
征行,1
羽绒服,1
能决,1
货带,1
哪几个,1
如若,1
旧旧,1
需先,1
咋识,1
借好,1
货运车,1
面息,1
人扫码,1
固额,1
剑,1
通宝,1
销售额,1
日新,1
买充,1
接出,1
这欠,1
涉及,1
交啥,1
打好,1
整笔,1
毙,1
确让,1
刚充,1
购物单,1
儿读,1
衰新,1
真正,1
以邦定,1
怎梓,1
还绩,1
总弄,1
承诺,1
炒股票,1
冰箱,1
发完,1
互请,1
一扣,1
一退,1
发旧,1
收款台,1
咋力,1
提大,1
买帐,1
尔度,1
欢乐,1
书客,1
转微信,1
丢有,1
记息,1
还茨,1
gd,1
分账,1
几进,1
退个款,1
昌,1
大昌,1
元宝,1
沒出,1
升为,1
收大,1
姓用,1
息费,1
合伙,1
开取,1
订房订,1
泸州,1
麻辣,1
空间,1
东方,1
截个,1
面冲,1
日鬼会,1
三毛,1
五毛,1
分手,1
人头像,1
粤宝,1
有礼,1
网校,1
课用,1
没太懂,1
个例,1
没月超,1
连锁,1
充不进,1
没取,1
款扣,1
刚分,1
推过,1
收不钱,1
下架,1
重来,1
我网,1
购办,1
☆,1
吊销,1
一再,1
会现,1
底于,1
群子,1
中未,1
分率,1
反利,1
67,1
码连,1
六是,1
算了算,1
搞不清,1
每人每天,1
重号,1
买开,1
我实,1
人生,1
布,1
全部一次,1
开童,1
认,1
终结,1
皮肤,1
中旬,1
wufad,1
十足,1
几于,1
费能,1
记不清,1
楚用,1
我歉,1
綁,1
還是,1
降定,1
图左,1
自带,1
怎不涨,1
得付,1
本今,1
短袖,1
hui,1
ki,1
对放,1
额几才,1
我常,1
qqq,1
没同,1
厂,1
看用,1
那就是说,1
招联能,1
愿不愿意,1
kindle,1
哪收,1
大多,1
购物点,1
桂林,1
lo,1
支麻,1
之门,1
星球,1
下要,1
已經,1
還錢,1
淘寶退貨,1
錢,1
用品,1
还往,1
机器人,1
dc,1
付错款,1
28,1
那想,1
蚁族,1
心寒,1
要不是,1
有所不同,1
坐车,1
我父,1
力用,1
本复息,1
住房贷款,1
可兑换,1
挂钩,1
能连本,1
网龙,1
反照,1
要照,1
物件,1
但收,1
扣光,1
狗屁,1
成工,1
出手,1
换现,1
只想关,1
摁,1
pay,1
扣日,1
自定,1
跪求,1
四未,1
导出,1
忙碌,1
分特,1
款子,1
未激活,1
方不,1
帐会,1
云,1
完蛋,1
用新开,1
付面,1
午,1
要久,1
加速,1
到手,1
卡内,1
kfc,1
能以,1
冰激凌,1
外访,1
错点成,1
干涉,1
待付,1
解动,1
共能,1
英语,1
按原,1
退嘛,1
史用,1
店买,1
刷不出,1
开辟,1
重填,1
嘟,1
限款,1
公安局,1
洗车场,1
升个,1
刷来,1
发交,1
装后,1
回国,1
有车,1
下文,1
借备,1
没定,1
腨,1
货前,1
公能,1
能用然,1
怀款,1
扣账,1
长期有效,1
遍,1
分加,1
ⅴ,1
面找,1
星几,1
店费,1
容许,1
可原,1
久会,1
不定,1
小蚂答,1
调大,1
几到,1
总用,1
钱出,1
莫非,1
先续,1
丽,1
三单,1
几啥,1
uu,1
加速器,1
提至,1
提速,1
专门,1
期时,1
付多,1
晚些,1
三角形,1
最佳,1
地铁票,1
能邦,1
邀进,1
luo,1
卡绑,1
解控,1
上证,1
银泰宝,1
红用,1
别动,1
还码,1
请款,1
帮别,1
借高,1
坯布,1
语气,1
论证,1
夸有,1
关清,1
钓,1
码想,1
父母,1
变分,1
盗,1
没花过,1
变网商,1
配置,1
开展业务,1
真实性,1
资询,1
算账,1
亊,1
开放式,1
代发,1
越换,1
能教,1
改价后,1
算有,1
时借,1
扫钱码,1
加之,1
随着,1
而变,1
少才,1
一次次,1
客运,1
费险,1
额买,1
匹配,1
现状,1
秘码,1
卡都会,1
耍,1
小幅度,1
条约,1
没額度,1
老张,1
值才,1
时补,1
能联,1
那和开,1
遇留,1
一要,1
我机,1
收得,1
变来变去,1
款返,1
可倩,1
筠连,1
断货,1
多只,1
取肖,1
初用,1
后能结,1
抢钱,1
骗钱,1
替人,1
冻接,1
再也不会,1
催促,1
换回来,1
备注,1
关住,1
液,1
套装,1
可交,1
什我用,1
误差,1
市场价,1
优惠价,1
减价,1
目的地,1
用安卓,1
大哭,1
时分,1
代收,1
抽免,1
合在一起,1
却认,1
费可,1
游戏类,1
什幺,1
蒋,1
晚晚,1
所购,1
格外,1
骗局,1
可批,1
不朋是,1
分刚,1
短信通,1
骑车,1
发指,1
该商,1
调嘛,1
卖完,1
告之,1
不受,1
干扰,1
猫券放,1
用累,1
钱太多,1
限几,1
给子,1
花别,1
我近,1
用主,1
通融,1
调料,1
盐,1
生鲜,1
删去,1
具理,1
太太,1
正分,1
咔里,1
出示,1
gmarket,1
没榜定,1
会息罚,1
人日,1
镜,1
借额,1
接清,1
连美图,1
过能,1
上代,1
阿瑟,1
曼网,1
咖能,1
合体,1
物质,1
厉害,1
申级,1
江苏,1
退下,1
所读,1
skk,1
发觉,1
我爱你,1
隔壁,1
咋会关,1
交代,1
咋算点,1
踩,1
比用,1
前去,1
不一制,1
金变,1
绿卡,1
缺让,1
额宝,1
没卡,1
怎开样,1
试用期,1
来电,1
能现,1
poss,1
经贴,1
知付,1
法律法规,1
打错字,1
利,1
我加,1
复款,1
峰期,1
开台,1
钱坏,1
应换,1
借卡,1
期额,1
分扣,1
多花,1
那一单,1
期换,1
百分之十,1
美金,1
冲到,1
換,1
wan,1
这换,1
影子,1
鉴定,1
屡次,1
候能,1
种类,1
填补,1
拣选,1
偷期,1
屈臣氏,1
关易,1
还算正,1
有瑜期,1
可傲,1
扎,1
买类,1
网商款,1
怎从,1
哪次,1
总资产,1
让我拿,1
用玛蚁,1
再生,1
那领,1
哭,1
变长,1
脸里,1
估计,1
张家口,1
音响,1
扣卡,1
巴士,1
换位,1
通一,1
要常,1
能永,1
更少,1
时忙,1
变得,1
没人扣,1
挖天,1
不太好,1
咋邦,1
餐饮业,1
灵活,1
后出,1
日指,1
抬头,1
定票,1
我录,1
止付,1
扫时,1
所花,1
nb,1
信号,1
符合规定,1
令外,1
关逼,1
卡会,1
有满,1
咱办,1
补不卡,1
什开,1
值多,1
使得,1
不会错,1
事项,1
那长,1
报装,1
能待,1
怎昵,1
期在,1
扫描枪,1
用开,1
经付,1
关了机,1
因人而异,1
卡止,1
关门,1
授予,1
上收,1
提有,1
财付,1
通会收,1
对办,1
几来,1
那该,1
找券,1
电车,1
几长,1
四期,1
框里,1
vans,1
刚扣,1
往出,1
以致,1
质询,1
一俩,1
基础,1
云上,1
容忍度,1
零晨,1
死皮赖脸,1
时出,1
脉,1
注重,1
一方,1
changshi,1
从事,1
涨点,1
戟,1
解出,1
交流,1
过路费,1
积攒,1
卡包,1
哪够,1
还爸,1
呦,1
街用,1
搞机,1
打门,1
花花,1
往里面,1
手收,1
讨论,1
重点,1
期现,1
领导,1
前额,1
吊,1
信低,1
办别,1
买卖双方,1
饭,1
再缴,1
老不涨,1
缴立,1
保费,1
努,1
打进,1
码需,1
往来,1
人充,1
二样,1
解析,1
還嗎,1
说涨,1
文,1
销,1
共分,1
受理,1
升通,1
查阅,1
办证,1
钱货,1
呸,1
承诺函,1
非复,1
贷额,1
刷付,1
赎回,1
这十,1
到处,1
显示信息,1
唱歌,1
神奇,1
信分,1
什是,1
小时,1
码到,1
乐意,1
我输,1
不认,1
关没,1
年级,1
多会涨,1
花去,1
－,1
过账,1
改个,1
样能,1
顺丰车,1
车退,1
度假,1
共有,1
安照,1
查出来,1
剩几,1
端游,1
换过去,1
帐点,1
越南,1
以示,1
这哈,1
浪子,1
拘留所,1
转盘,1
厂商,1
翔,1
模板,1
猛,1
信息安全,1
晕死,1
会升,1
多账,1
zhi,1
负度,1
查要,1
白动,1
bux,1
未有,1
98,1
158,1
27,1
便于,1
一旦,1
不许,1
机顶盒,1
上长,1
确有,1
支微信,1
货已,1
废卡,1
低保,1
谈,1
规,1
营运证,1
总扣,1
药品,1
华联,1
会事,1
平摊,1
点入,1
卡屏,1
呐换,1
算法,1
厂家,1
摊位,1
宁时,1
车主,1
吊灯,1
占无发,1
转不入,1
转不生,1
连线,1
全没,1
栓,1
我想调,1
续贷,1
又会有,1
内能,1
咋移,1
上结,1
13,1
决冻,1
带带,1
日萌,1
支付现金,1
单钱,1
音信,1
眨,1
眨眼,1
调款,1
我行,1
会罚,1
不虚要,1
误操作,1
按道理说,1
宝箱,1
正忙,1
最慢,1
会手,1
几间,1
上千,1
还免,1
彻底清除,1
按差,1
不嘛,1
最多交,1
转向,1
存里,1
好象,1
老人,1
找人带,1
买二双鞋,1
佘额宝,1
那扣,1
尽量少,1
符合标准,1
多发,1
出门在外,1
内地,1
本事,1
奖券,1
缺买,1
关后,1
没差,1
能多刷,1
辣,1
后整,1
李维斯,1
退往,1
没额服,1
介面,1
胃,1
咋理,1
随用,1
失约,1
新装,1
开熊,1
打上,1
带道,1
分额,1
完清后,1
宝转,1
勒个,1
描,1
刚收,1
数是,1
业面,1
李没,1
用脸,1
能邦定,1
绷定,1
評估,1
送给,1
额到,1
用得着,1
給,1
哪传,1
清完,1
来定,1
结情,1
烟草,1
按摩,1
最高值,1
总去,1
分类,1
咋会事,1
额前,1
io,1
再花,1
买台,1
二回,1
出货,1
结请,1
关爱,1
证号,1
环境,1
撩,1
多好,1
没先本,1
隔越,1
神州,1
会口,1
额未变,1
额滴,1
成团,1
我安期,1
查去,1
查分,1
出处,1
打来,1
变办,1
支宝,1
挺用,1
下会关,1
发么,1
支什,1
时不时,1
提额试,1
提上去,1
能密付,1
点道,1
钱缺,1
能花出,1
混付,1
仍旧,1
这能,1
得款,1
办过,1
蜜蜜,1
拱,1
刚付,1
这话,1
数额较大,1
小东西,1
yy,1
先本,1
食用,1
珐,1
点计,1
那页,1
买电,1
数码产品,1
到斯,1
oppor,1
快币,1
黄,1
大麦,1
现金交易,1
小费,1
加款,1
能缓,1
算多,1
没给,1
发要,1
单数,1
我取,1
所买,1
请别,1
那关,1
调用,1
改将,1
改长,1
该期,1
错账,1
老提,1
四毛,1
那方付,1
好麻,1
倒闭,1
福彩,1
代销,1
证能,1
固有,1
退过款,1
撤除,1
还会交,1
号花,1
完收,1
規則,1
要设,1
放过来,1
定餐,1
带款,1
直说,1
屎,1
微信换,1
失,1
发校,1
证码,1
后宁外,1
搜花,1
15,1
有密,1
中要,1
军校,1
回乡,1
升降,1
婴贝美,1
直到,1
偷用,1
借要,1
怎看,1
出不出,1
国航,1
但付,1
到照,1
单项,1
来来,1
什说,1
军人,1
何将,1
以今,1
经额,1
推遲,1
尚艺,1
二方,1
没错,1
余地,1
酒仙,1
已受,1
底才,1
值要,1
中核,1
从未有过,1
解决办法,1
可延,1
在生活上,1
答非所问,1
hai,1
张红,1
谓,1
消号,1
并己,1
组件,1
付现,1
人脉,1
码商,1
以扫码,1
乱叫,1
挣,1
介意,1
不太对,1
况且,1
这下,1
充爱奇艺,1
前能,1
也好,1
分升,1
解散,1
appstoreapplemusic,1
完用,1
录入,1
不送,1
线外,1
咋会少,1
收不款,1
及来,1
适应,1
能后,1
动弹,1
打車,1
ill,1
给定,1
发代,1
下钱,1
镀额,1
常事,1
登不起,1
照旧,1
下用付,1
同用,1
脱期,1
马上会,1
扣微信,1
布料,1
渠县,1
合为,1
环节,1
貝是,1
提身,1
扑蜂,1
莲花,1
列入,1
日要,1
数么,1
可挺,1
悦换,1
刮乐,1
打入,1
免缴,1
升不升,1
借巴,1
借人,1
系统对,1
完卡,1
益处,1
怎樣,1
郁闷死,1
单点,1
开说,1
里领,1
智慧,1
eq,1
难到,1
什时升,1
越长,1
扣上,1
病,1
断网,1
掌上,1
同等,1
不说,1
前后,1
提额充,1
另设,1
结付,1
分付,1
上述,1
特别,1
信用贷款,1
分底,1
一面,1
候,1
网商化,1
全价,1
成给,1
几得,1
前台,1
刚弄,1
领域,1
那久,1
磨牙,1
比人,1
改能,1
汽车贷款,1
伎,1
变差,1
提不上,1
之借,1
已用额,1
杂算,1
有负,1
ruh,1
下旬,1
收活,1
加高,1
起息,1
伊尔,1
曼都店,1
扮,1
只见,1
标栏,1
人开,1
好端端,1
家中,1
上诉,1
从扣,1
借花,1
扣行,1
费在,1
搞定,1
业多,1
白搭,1
寻仙,1
花分,1
大意,1
先走,1
没新,1
领呀,1
平估,1
开房间,1
要加,1
酒吧,1
多正能,1
期再,1
信货,1
借取,1
会拉黑,1
收不上,1
充真,1
三部,1
少换,1
不当,1
分歧,1
修车,1
订过,1
上会收,1
成长,1
是统,1
递减,1
取不来,1
网代,1
花该,1
没订,1
快多,1
法能,1
bie,1
微信支,1
跟主,1
险会,1
有高有低,1
退致,1
哒,1
预存,1
这儿,1
额外收费,1
封控要,1
开错,1
棉衣,1
人面,1
环款,1
二立,1
改名字,1
到帳,1
有次,1
那类,1
出自,1
店子,1
返点,1
客度,1
超扣,1
魅蓝,1
note,1
没花坝,1
减冻,1
风,1
说久,1
一性,1
图是,1
尚,1
车号,1
里少,1
解不,1
真是,1
关毕,1
升至,1
还付,1
额贷,1
借不上,1
结开,1
相似,1
未用,1
复杂,1
哥,1
拜拜,1
借久,1
ａ,1
浪费者,1
项链,1
扫能,1
配额,1
日写,1
天花,1
透,1
投了,1
审查,1
法院,1
金没变,1
驗證,1
阔,1
年头,1
乘坐,1
日会变,1
咋令,1
不扫,1
买块,1
延误,1
保单,1
没对,1
先想,1
后新开,1
笔后,1
关拉,1
臭,1
不要脸,1
我卡掉,1
什几,1
重复使用,1
弹跳,1
好何,1
十五,1
只右,1
花裁,1
口马,1
后该,1
怎开,1
什会,1
没天,1
有见,1
积极,1
规矩,1
咋合,1
花清,1
改网商,1
转存,1
圈,1
内要,1
用作,1
还轻,1
多有,1
回原,1
寄钱,1
付网,1
购付,1
借几会,1
度够,1
无话,1
死用,1
贷比,1
中指,1
长年,1
手套,1
分月出,1
先借,1
收货人,1
电击,1
低点,1
行代,1
如们,1
掌柜,1
长高,1
订餮,1
怎不扣,1
加何,1
智力,1
开局,1
很烦,1
不经用,1
授权书,1
二是,1
泝,1
捕,1
绊定,1
恢复期,1
一发,1
优惠政策,1
我扣,1
吓,1
alini,1
提问,1
花几对,1
映象,1
绿岛,1
专款,1
梦用,1
还会发,1
如口,1
普通人,1
该是,1
询下,1
我记,1
戒面,1
不爽,1
有笔,1
扩大,1
还得起,1
waib,1
邮政网,1
负能,1
缴付,1
险要,1
总闪退,1
相邻,1
帳户,1
划入,1
低得,1
可怕,1
去存,1
完清,1
付充,1
一个劲,1
存货,1
清问,1
积累,1
能得,1
宫业,1
证和友,1
心愿,1
存储,1
日往,1
去還,1
之分,1
企业法人,1
零散,1
介入,1
查得,1
邻居,1
绝密,1
起升,1
里够,1
37,1
136,1
91,1
款点,1
直有,1
何如,1
♂,1
可钱,1
做点,1
回本,1
请客,1
货里,1
却付,1
人高,1
给付,1
关心,1
难得,1
有返,1
现定,1
券找,1
房东,1
现实生活,1
因银,1
改是,1
其会,1
没结,1
之旅,1
提啥,1
后关,1
幵,1
仅限,1
会迟,1
zhebi,1
下方,1
木,1
vo,1
约堡,1
网上商城,1
回家,1
奶奶,1
你好,1
碑码,1
自取,1
刚转,1
内必,1
减至,1
海鲜店,1
什降,1
请以,1
大大,1
宝到,1
有机,1
没升过,1
累,1
就用到,1
原定,1
酱,1
折能,1
校,1
衬衫,1
多充,1
上架,1
付年费,1
缺用,1
有影,1
张券,1
没日,1
款付,1
节能,1
有付,1
充过,1
冻传,1
每一件,1
续住,1
余生,1
前期,1
廷,1
找寻,1
照对,1
没摇倒,1
圆通,1
分摊,1
因有,1
再办,1
期连,1
直持,1
那单,1
太假,1
改月,1
年度,1
收戗,1
需收,1
咋常,1
公号,1
买进,1
就会,1
花能,1
无钱,1
中充,1
扣后,1
瑜期,1
钱行,1
钱次,1
说花贝,1
粗鲁,1
有卡上,1
多大下,1
知用,1
适宜,1
还息会,1
遗失,1
往里,1
弄清,1
客气,1
邻,1
折上,1
满几可,1
几线,1
时选,1
手继费,1
合格,1
超消费,1
优惠权,1
更用,1
问要,1
我共欠,1
本单,1
尽请,1
块钱,1
最能,1
星巴克,1
不换款,1
里购,1
买动西,1
码为,1
不交咯,1
理面,1
租错,1
时花,1
够本,1
未来,1
商商,1
脸是,1
兄弟,1
座,1
做过,1
绝对,1
总款,1
听不懂,1
下跪,1
没手,1
没念,1
发钱,1
卡着,1
下不差,1
提会,1
招联好,1
期贷,1
贷同,1
二仟元,1
怎公,1
券能,1
借错,1
干脆,1
钱元,1
必得,1
提过额,1
寻,1
工商登记,1
带上,1
登不去,1
再重,1
日迟,1
中刷,1
迪拜,1
人期,1
你面,1
会无原,1
机场,1
撤诉,1
退入,1
就医,1
使用量,1
二单,1
商袋,1
起诉,1
显时,1
帐面,1
恒定,1
大参林,1
没申,1
明说,1
县体,1
很无语,1
加在一起,1
优费,1
一值,1
绝味,1
脖,1
没电,1
瑜,1
码弹,1
各人,1
挖里,1
冰室,1
方要,1
经验,1
所送,1
分以,1
不久,1
全面,1
发展,1
天虹,1
端能,1
爱人,1
蔡能,1
另一台,1
该乡,1
晚间,1
机要,1
理培,1
几提,1
人理,1
存不上,1
能安日,1
密能,1
露,1
本用,1
最新版,1
保护区,1
增的,1
不能允许,1
无力,1
只免,1
开张,1
伏,1
按成,1
险后,1
变到,1
外套,1
纳闷,1
那条,1
海款,1
快餐,1
交上去,1
单上,1
缴清,1
数有,1
zf,1
本店,1
录像,1
进人,1
十个,1
总需,1
号关,1
不先扣,1
读起,1
大阪,1
能清,1
外商,1
码登,1
消失掉,1
伤心,1
没鱼,1
尾巴,1
小姐姐,1
分用,1
另付,1
应有,1
如非,1
申额,1
不升额,1
贷记卡,1
公共事业,1
我询,1
暴长,1
拒付,1
刚修,1
未变,1
贱,1
跳上去,1
冲费,1
课,1
每鲜,1
弄不好,1
拼多,1
派送,1
查单,1
查一查,1
汽车信息,1
鈤,1
物资,1
帮回,1
才解,1
加湿器,1
五星,1
国美,1
堤显,1
卡而,1
接借,1
忘掉,1
监督,1
数天,1
没扫码,1
养殖,1
会以,1
还应,1
收拾,1
请常,1
一清,1
meirangn,1
一加,1
男士,1
因未,1
路上,1
退得款,1
出授,1
额一说,1
多大能,1
die,1
违章罚款,1
出用,1
說,1
我整,1
一出,1
辛辛苦苦,1
掉下去,1
費了,1
编程,1
求升,1
先是,1
无用,1
期期,1
正反,1
面上,1
方或式,1
他妈的,1
更大,1
细数,1
阿迪,1
码绑,1
申和,1
没此,1
复件,1
个用,1
乡情,1
扣处,1
助手,1
一堆,1
加微信,1
往上升,1
房款,1
很小,1
买买,1
会标,1
房租,1
份额,1
传上去,1
江苏省,1
苏州,1
加下,1
干零,1
拾,1
具体步骤,1
我新开,1
网关,1
寄送,1
透露,1
可领,1
帮过,1
本到,1
存过,1
花店,1
四位,1
完帮,1
磕,1
全号,1
外省,1
改点,1
扣能,1
退赔,1
早日,1
调后,1
能移,1
转交,1
信意,1
手机店,1
拉面,1
安卓转,1
分超,1
转不动,1
面用,1
挣求,1
金立,1
货未,1
没帮卡,1
唄額度,1
二倍,1
因填错,1
吵支,1
能乱,1
填嘛,1
那开,1
能进,1
出新,1
码发,1
未审核,1
快去,1
文玩,1
大想,1
闪退,1
足记,1
花多上,1
甜错,1
封住,1
财产险,1
∵,1
冲个,1
八辈子,1
夸,1
几就能,1
用点,1
旅游网,1
现转,1
销费,1
不消,1
领的券,1
本号,1
付会,1
二三次,1
什样,1
日常,1
月结,1
领用,1
订房间,1
乱够,1
后补,1
分区,1
期过,1
低比,1
月租费,1
储值卡,1
一支,1
全称,1
留学,1
度后,1
ie,1
发花,1
贝来,1
但票,1
提鹅,1
堤额,1
有线,1
提倡,1
根儿,1
星能,1
会先,1
卷到,1
分辩,1
投,1
后果自负,1
迟延,1
总计,1
几对,1
开套,1
老爸,1
用个,1
加恶,1
换下,1
这么样,1
分个,1
去何,1
按进,1
衣架,1
改后,1
再寄,1
开闭,1
吸,1
前算,1
不利,1
北,1
对错,1
多钱少,1
烟酒,1
加息,1
al,1
可达,1
邀请函,1
搁,1
实品,1
钱后,1
货想,1
预受,1
使用期,1
专卖,1
购过,1
那儿,1
xxx,1
连用,1
赌钱,1
偷刷,1
块儿,1
上教,1
显是,1
完变,1
开是,1
遇见,1
前未,1
企业会员,1
说开,1
不知不觉,1
好几张,1
用收,1
手费,1
一毕,1
码套,1
有应,1
代的款,1
查来查,1
钱交,1
完车,1
nga,1
从账,1
提不高,1
使用不当,1
张到,1
重病,1
高考,1
报名费,1
可不是,1
操心,1
一簇,1
第四条,1
集合,1
过久,1
中专生,1
整年,1
后收,1
撒子,1
卸载掉,1
高借,1
支取,1
我姐,1
职分,1
摇一摇会,1
52,1
扣去,1
挖宝里,1
排名,1
固原市,1
西吉县,1
乡,1
家家,1
付实款,1
可贷,1
买物,1
开不来,1
各付,1
乘以,1
时发,1
能换个,1
关比,1
称为,1
领走,1
太坑,1
淘淘,1
昵,1
off,1
美且,1
佳,1
移期,1
变利店,1
租完,1
相机,1
后换个,1
没可选,1
提什,1
平分,1
扫图,1
有加,1
开回,1
饮品,1
完关,1
荣盛,1
后百变,1
卡解,1
悄悄,1
xiang,1
焦作,1
数不对,1
届,1
是期,1
款去,1
险嘛,1
额杜,1
拳,1
土耳其,1
烤饭,1
证下,1
里取,1
寻找,1
键不亮,1
过低,1
莫有,1
睡着,1
一位,1
mp,1
解解,1
知晓,1
原数,1
捆起来,1
乱七八糟,1
升钱,1
查花,1
消费品,1
那点,1
换枪,1
回付,1
先生,1
丽都,1
洗发,1
跳至,1
民生银行,1
居体,1
情绪,1
同过,1
若何,1
难开,1
钱减,1
说活,1
几和天,1
码仅,1
全用,1
攒,1
会清,1
本想,1
怎取销,1
彻消,1
国泰,1
产险,1
包烟,1
时过,1
坑钱,1
kdv,1
聚,1
正版,1
一拍,1
哪开,1
啧啧,1
啧关,1
yib,1
券后,1
那一,1
那当,1
期先,1
确保,1
付不起,1
志加,1
忠实,1
假设,1
负八,1
城乡,1
自营,1
我邦,1
再缓,1
用不来,1
通玩,1
工服,1
前二单,1
下账,1
实人,1
过要,1
用闲鱼,1
我特,1
还会用,1
多谢,1
还歆,1
戒,1
中点,1
苦恼,1
代存,1
价位,1
水杯,1
怎心,1
订个,1
当兵,1
修复,1
134,1
14,1
会查,1
发上去,1
一套,1
刚进,1
谝,1
额调,1
会乱,1
退得,1
承担费用,1
航班,1
再换个,1
点整,1
素材,1
昰,1
借息,1
完额,1
凯奇,1
点心,1
扣娜,1
什额,1
借螞蟻,1
所在,1
支是,1
手软,1
险好,1
崇左市,1
各扣,1
可回复,1
子有,1
帮不上,1
需借,1
钱入,1
要升,1
停扣,1
瑜伽,1
二买,1
匿名,1
小篮,1
节款,1
弄不清,1
去试,1
借下个,1
穷死,1
小鱼,1
扯,1
重借,1
病毒,1
邮费,1
却关,1
单在,1
充着,1
引起,1
清欠,1
分不鸟,1
预知,1
弄关,1
值得,1
健,1
升上去,1
强烈建议,1
柬埔寨,1
学数,1
改求,1
用戶,1
完行,1
玩过,1
释放,1
能滞,1
具体条件,1
提额口,1
身为,1
转多,1
纸尿裤,1
点数,1
我外,1
螺蛳,1
测试,1
f,1
欠控,1
激话,1
贝贝能,1
眨眼睛,1
快题,1
书包,1
整错,1
已关,1
机蜜,1
怎木,1
清新,1
放个,1
方框,1
过段时间,1
唯码,1
阻止,1
问开,1
晕,1
单后,1
纸能,1
口碑网,1
咋续,1
施华洛,1
世奇店,1
刚是,1
怎什能,1
看钱,1
完年,1
老凤祥,1
我托,1
到头,1
买天,1
能甲,1
需用,1
一有,1
过别,1
学位,1
完该,1
刚满,1
抢免,1
［,1
］,1
口袋,1
负用,1
欠位,1
收码款,1
杂费,1
我买个,1
多缺,1
逾额,1
随和,1
抵几少,1
变空,1
记不起,1
事退,1
行都,1
调休,1
要大过,1
卖价,1
尽量,1
mei,1
整体,1
得话,1
弑神,1
百分之一,1
还消,1
远离,1
回水,1
随身,1
打出,1
空款,1
支金,1
套出,1
骆驼,1
换邦,1
最优,1
先享后付,1
有什用,1
秘籍,1
借够,1
只会,1
压金用,1
扣清,1
理会,1
别说,1
投保,1
怀孕,1
生产,1
检验,1
改不掉,1
鱼缸,1
能当,1
